bid_code,bid_item_description,measurement_unit,total_qty,wavg_unit_price,simple_avg_unit_price,n_low_bids
100-7001,PREPARING ROW,AC,15.74,42945.941571791614,110505.380285714286,7
100-7002,PREPARING ROW,STA,1434.77,6481.0657233563567680,6078.2426315789473684,19
100-7003,"PREP ROW (TREE REMOVE) (0""-12"" DIA)",EA,136.0,350.1223529411764706,305.3760000000000000,5
100-7004,"PREP ROW (TREE REMOVE) (12""-24"" DIA)",EA,307.0,643.5397785016286645,561.8591428571428571,7
100-7005,"PREP ROW (TREE REMOVE) (24""-36"" DIA)",EA,206.0,463.4979320388349515,404.2066000000000000,5
100-7009,PREP ROW (TREE PRUNE AND TRIM),AC,0.55,4545.4550000000000000,4545.4550000000000000,1
100-7010,PREP ROW (TREE PRUNE AND TRIM),STA,19.0,2736.8421052631578947,3750.0000000000000000,2
100-7011,PREP ROW (HAND CLEARING),AC,0.2,12500.000000000000,12500.0000000000000000,1
100-7013,TREE PROTECTION (INSTALL),EA,22.0,451.0295454545454545,692.2650000000000000,2
100-7015,TREE PROTECTION (REMOVE),EA,22.0,103.0977272727272727,166.8150000000000000,2
104-7001,REMOV CONC (PAV),SY,195078.54,9.0860592764329690,22.3511111111111111,9
104-7003,REMOV CONC (MOWSTRIP),SY,473.0,29.4334038054968288,74.6000000000000000,5
104-7004,REMOV CONC (MOWSTRIP),CY,233.0,25.0000000000000000,25.0000000000000000,1
104-7005,REMOV CONC (MOWSTRIP),LF,91197.1,3.4729751274985718,17.7600000000000000,10
104-7006,REMOV CONC (RIPRAP),SY,9333.92,13.8021259449406037,21.8321666666666667,12
104-7007,REMOV CONC (RIPRAP),CY,124.0,409.6774193548387097,550.0000000000000000,2
104-7008,REMOV CONC (MEDIANS),SY,1421.0,8.6657142857142857,35.9160000000000000,5
104-7009,REMOV CONC (MEDIANS),CY,10.0,75.0000000000000000,75.0000000000000000,1
104-7011,REMOV CONC (DRIVEWAYS),SY,553.0,16.9932188065099458,13.8750000000000000,2
104-7013,"REMOV CONC (SIDEWALK, RAMP OR SUP)",SY,4631.0,28.6472675448067372,98.6208000000000000,10
104-7015,REMOV CONC (CURB RAMP),SY,80.0,181.1500000000000000,105.7500000000000000,2
104-7016,REMOV CONC (CURB),LF,12680.0,9.8337870662460568,10.7264285714285714,14
104-7017,REMOV CONC (CURB & GUTTER),LF,8225.0,1.5000000000000000,1.50000000000000000000,1
104-7018,REMOV CONC (CURB OR CURB & GUTTER),LF,2249.0,2.9959448643841707,6.0600000000000000,2
104-7020,REMOV CONC (SAWCUT),LF,3650.0,7.9227397260273973,9.0000000000000000,3
104-7025,REMOV CONC (RETAINING WALLS),SY,679.0,29.1737849779086892,39.6666666666666667,3
104-7027,REMOV CONC (COPING),LF,2909.0,5.0000000000000000,5.0000000000000000,1
104-7028,REMOV CONC (WINGWALL),CY,40.0,99.3690000000000000,122.3400000000000000,2
104-7029,REMOV CONC (HEADWALL),CY,32.0,85.5000000000000000,85.5000000000000000,1
104-7030,REMOV CONC (APPR SLAB),SY,16.0,124.0000000000000000,124.0000000000000000,1
104-7036,REMOV CONC (RAIL),LF,15439.41,4.5848435270518757,8.1000000000000000,4
104-7041,REMOV CONC (FLUME),SY,443.0,5.0000000000000000,5.0000000000000000,1
104-7045,REMOV CONC (MISC),EA,18.0,265.7300000000000000,265.7300000000000000,1
104-7046,REMOV CONC (MISC),SY,2540.0,5.2490000000000000,5.2490000000000000,1
104-7047,REMOV CONC (MISC),CY,24.0,552.0833333333333333,625.0000000000000000,2
105-7005,"RMV (5""-9"") TRT/UNTRT BASE & ASPH PAV",SY,222.0,10.0000000000000000,10.0000000000000000,1
105-7007,"RMV (7""-11"") TRT/UNTRT BASE & ASPH PAV",SY,189.0,11.0000000000000000,11.0000000000000000,1
105-7008,"RMV (8""-12"") TRT/UNTRT BASE & ASPH PAV",SY,38023.0,6.7000000000000000,6.7000000000000000,1
105-7009,"RMV (9""-13"") TRT/UNTRT BASE & ASPH PAV",SY,1358.0,18.9500000000000000,18.9500000000000000,1
105-7010,"RMV (10""-14"") TRT/UNTRT BASE & ASPH PAV",SY,17675.0,1.7500000000000000,1.75000000000000000000,1
105-7012,"RMV (12""-16"") TRT/UNTRT BASE & ASPH PAV",SY,152.0,65.0000000000000000,65.0000000000000000,1
105-7024,"RMV (4"") TRT/UNTRT BASE & ASPH PAV",SY,16562.0,6.0039850259630479,8.7500000000000000,2
105-7026,"RMV (6"") TRT/UNTRT BASE & ASPH PAV",SY,884.0,4.5000000000000000,4.5000000000000000,1
105-7032,"RMV (12"") TRT/UNTRT BASE & ASPH PAV",SY,407.0,15.0000000000000000,15.0000000000000000,1
105-7038,"RMV (18"") TRT/UNTRT BASE & ASPH PAV",SY,3834.0,10.0000000000000000,10.0000000000000000,1
105-7044,"RMV (24"") TRT/UNTRT BASE & ASPH PAV",SY,398.0,17.1990000000000000,17.1990000000000000,1
105-7046,"RMV (0""-6"") TRT/UNTRT BASE & ASPH PAV",SY,1303.0,10.1900000000000000,10.1900000000000000,1
105-7052,"RMV (0""-12"") TRT/UNTRT BASE & ASPH PAV",SY,5702.0,7.7474658014731673,7.6550000000000000,2
105-7053,"RMV (2""-8"") TRT/UNTRT BASE & ASPH PAV",SY,1836.0,7.4490000000000000,7.4490000000000000,1
105-7055,"RMV (4""-10"") TRT/UNTRT BASE & ASPH PAV",SY,85509.99,4.7000000000000000,4.7000000000000000,1
105-7058,"RMV (7""-13"") TRT/UNTRT BASE & ASPH PAV",SY,29356.0,4.1936122087477858,13.6800000000000000,3
105-7123,"REMOVE STAB BASE AND ASPH PAV (6""-20"")",SY,100.0,8.3000000000000000,8.3000000000000000,1
105-7129,"REMOVING STAB BASE AND ASPH PAV(0""-16"")",SY,58.0,100.0000000000000000,100.0000000000000000,1
105-7131,"RMV (27"") TRT/UNTRT BASE & ASPH PAV",SY,129281.0,15.2000000000000000,15.2000000000000000,1
110-7001,EXCAV (ROADWAY),CY,562459.0,12.7839262061768058,29.3481250000000000,16
110-7002,EXCAV (CHANNEL),CY,24571.5,13.5320753718739190,82.9281818181818182,11
110-7003,EXCAV (SPECIAL),CY,323.74,36.2933218014456045,35.0000000000000000,2
112-7002,SUBGR WIDEN (DC),STA,26.0,2500.0000000000000000,2500.0000000000000000,1
112-7004,SUBGR WIDEN (DC),SY,5089.0,8.1666339162900373,19.5000000000000000,2
132-7001,EMBANK (FNL)(OC)(TY A),CY,1053.7,38.4374110278067761,27.8333333333333333,3
132-7002,EMBANK (FNL)(DC)(TY A),CY,1710.0,18.0000000000000000,18.0000000000000000,1
132-7003,EMBANK (FNL)(OC)(TY B),CY,557.0,124.0000000000000000,124.0000000000000000,1
132-7004,EMBANK (FNL)(DC)(TY B),CY,2396.0,30.0000000000000000,30.0000000000000000,1
132-7005,EMBANK (FNL)(OC)(TY C),CY,1419.0,40.9330021141649049,75.5633333333333333,3
132-7006,EMBANK (FNL)(DC)(TY C),CY,267103.99,19.1465239811655378,22.4753333333333333,15
132-7018,EMBANK (VEH)(DC)(TY C),CY,1278.0,30.0000000000000000,30.0000000000000000,1
132-7029,EMBANK (FNL)(DC)(TY C)(CSBE),CY,32462.0,58.0000000000000000,58.0000000000000000,1
132-7036,EMBANK (FNL)(DC)(TY E)(CSBE),CY,3630.2,52.8304721502947496,276.4925000000000000,4
132-7037,EMBANK (FNL)(DC)(TY E)(CSBE_FND IMPR),CY,1567.0,55.5200000000000000,55.5200000000000000,1
132-7038,EMBANK (FNL)(DC)(TY E)(CSBE_RWALL IMPR),CY,2989.0,56.0954399464703914,56.3700000000000000,2
134-7001,BACKFILL (TY A),STA,357.0,141.5966386554621849,90.0000000000000000,2
134-7002,BACKFILL (TY B),STA,555.5,144.1629162916291629,152.5000000000000000,2
134-7004,BACKFILL (TY A OR B),STA,1663.0,175.5496091401082381,268.0000000000000000,7
134-7009,BACKFILL (TY A OR B)(VEH),CY,20.0,40.0000000000000000,40.0000000000000000,1
150-7003,BLADING,LF,80000.0,1.3100000000000000,1.31000000000000000000,1
158-7002,SPEC EXCAV WORK (HYD EXCAVATOR),HR,36.0,708.9944444444444444,688.0950000000000000,2
158-7004,SPEC EXCAV WORK (ORIGINAL),CY,500.0,183.3330000000000000,183.3330000000000000,1
158-7005,SPEC EXCAV WORK (VEHICLE),CY,101.3,193.3200000000000000,193.3200000000000000,1
160-7002,"FURN & PLACE TOPSOIL (4"")",SY,6834.0,3.2584547848990342,3.3700000000000000,2
160-7004,"FURN & PLACE TOPSOIL (6"")",SY,274.0,18.0000000000000000,18.0000000000000000,1
160-7007,FURN & PLACE TOPSOIL (VEH),CY,2687.72,53.3741741476046612,50.4054000000000000,5
161-7002,"COMPOST MANUF TOPSOIL (4"")",SY,40995.0,1.5695389681668496,3.8125000000000000,4
161-7008,EROSION CONTROL COMPOST (VEH),CY,11150.3,26.7772064877178193,31.4405714285714286,7
161-7010,GENERAL USE COMPOST (VEH),CY,7243.65,27.8015474242957625,35.8480000000000000,7
162-7002,BLOCK SODDING,SY,1007007.2,3.5459384453259123,5.8519000000000000,30
162-7003,STRAW OR HAY MULCH,SY,127792.0,0.24561287091523726055,0.79000000000000000000,6
164-7005,BROADCAST SEED (TEMP_WARM),SY,2323.0,0.71897546276366767111,0.93333333333333333333,3
164-7007,BROADCAST SEED (TEMP_WARM_COOL),SY,67792.0,0.15779265990087325938,0.42000000000000000000,5
164-7008,BROADCAST SEED (OPT1),SY,148849.0,0.28246881067390442663,0.98333333333333333333,3
164-7010,DRILL SEED (PERM_RURAL_CLAY),SY,6834.0,0.68349136669593210418,0.69500000000000000000,2
164-7011,DRILL SEED (PERM_URBAN_SAND),SY,1111.0,2.0000000000000000,2.0000000000000000,1
164-7015,DRILL SEED (TEMP_WARM_COOL),SY,233377.0,0.21114805657798326313,0.58750000000000000000,8
164-7016,DRILL SEED (OPT1),SY,19337.0,0.62030046025753736360,0.47500000000000000000,2
164-7065,STRAW/HAY MULCH,SY,334459.0,0.28735456363859247322,0.92800000000000000000,5
166-7001,FERTILIZER,AC,292.174,838.3307758527452819,1622.2577500000000000,20
168-7001,VEGETATIVE WATERING,TGL,36263.533,16.8387511645928156,69.2891000000000000,30
170-7002,IRRIGATION SYSTEM (TY I),EA,4.0,254081.625000000000,254081.625000000000,4
170-7003,IRRIGATION SYSTEM (TY II),EA,4.0,52698.958250000000,52698.958250000000,4
170-7004,IRRIGATION SYSTEM (TY III),EA,3.0,37666.666666666667,37666.666666666667,3
170-7013,IRRIGATION SYSTEM (MISC),LS,1.0,4500.0000000000000000,4500.0000000000000000,1
180-7001,WILDFLOWER SEEDING,AC,4.5,34000.000000000000,34000.000000000000,1
192-7001,MULCH,CY,3905.3,30.1582464855452846,60.0000000000000000,2
192-7007,SOIL AMEND,SY,1287.0,0.25600000000000000000,0.25600000000000000000,1
192-7008,SOIL AMEND (TY I),SY,96363.0,0.71817775494743833214,0.63642857142857142857,7
192-7010,PLANT BED PREP (TY I),SY,4956.2,0.26900000000000000000,0.26900000000000000000,1
192-7011,PLANT BED PREP (TY II),SY,42325.0,2.8833138806851742,2.6225000000000000,4
192-7012,PLANT BED PREP (TY III),SY,89303.0,1.2229448954682373,2.7170000000000000,7
192-7017,LANDSCAPE EDGE (TY I),LF,8092.0,10.0243717251606525,9.9720000000000000,2
192-7018,LANDSCAPE EDGE (TY II),LF,155.0,28.0000000000000000,28.0000000000000000,1
192-7021,LANDSCAPE EDGE (CONC),LF,1294.0,42.0000000000000000,42.0000000000000000,1
192-7024,LOOSE AGGR GRND COVER (TY I),CY,1080.0,322.1233888888888889,385.8700000000000000,3
192-7025,LOOSE AGGR GRND COVER (TY II),CY,97.0,195.0000000000000000,195.0000000000000000,1
192-7026,PLANT MATERIAL (1 GAL),EA,12626.0,7.1187628702677016,7.8333333333333333,3
192-7028,PLANT MATERIAL (3 GAL),EA,3963.0,28.2880403734544537,29.5680000000000000,2
192-7029,PLANT MATERIAL (5 GAL),EA,18.0,40.0000000000000000,40.0000000000000000,1
192-7030,PLANT MATERIAL (15 GAL),EA,905.0,110.0000000000000000,110.0000000000000000,1
192-7031,PLANT MATERIAL (30 GAL),EA,226.0,200.0000000000000000,200.0000000000000000,1
192-7032,PLANT MATERIAL (45 GAL),EA,303.0,333.2013201320132013,420.0000000000000000,2
192-7033,PLANT MATERIAL (65 GAL),EA,146.0,590.0000000000000000,590.0000000000000000,1
192-7037,PLANT MATERIAL (15 GAL) (TREE),EA,959.0,137.2158498435870699,130.0000000000000000,3
192-7039,PLANT MATERIAL (30 GAL) (TREE),EA,3187.0,256.5888245999372451,242.2371428571428571,7
192-7040,PLANT MATERIAL (45 GAL) (TREE),EA,927.0,472.0712028047464941,464.6025000000000000,6
192-7041,PLANT MATERIAL (65 GAL) (TREE),EA,1195.0,598.6418359832635983,622.9453333333333333,3
192-7044,PLANT MATERIAL (1 GAL) (SHRUB),EA,18931.0,8.1074428186572289,9.6666666666666667,3
192-7046,PLANT MATERIAL (3 GAL) (SHRUB),EA,9190.0,21.7603715995647443,24.4996666666666667,3
192-7066,PLANT MATERIAL (MIN 10' TRNK HT)(PALM),EA,20.0,1041.6670000000000000,1041.6670000000000000,1
192-7067,PLANT MATERIAL (MIN 12' TRNK HT)(PALM),EA,20.0,1166.6670000000000000,1166.6670000000000000,1
192-7068,PLANT MATERIAL (MIN 14' TRNK HT)(PALM),EA,296.0,1278.1532466216216216,1274.3145000000000000,2
192-7084,SOIL AMEND (TY II),SY,94248.0,0.63528450471097529921,0.85528571428571428571,7
193-7001,LANDSCAPE ESTABLISH,MO,116.0,5421.8391551724137931,5586.5741666666666667,6
193-7002,LANDSCAPE ESTABLISH,CYC,30.0,19783.333333333333,23303.571428571429,7
193-7007,IRRIG SYS OPER AND MAINT,MO,24.0,1819.4445000000000000,1819.4445000000000000,2
193-7021,LANDSCAPE TREAT,EA,275.0,242.4240000000000000,242.4240000000000000,1
193-7022,LANDSCAPE TREAT,CYC,33.0,3994.9494848484848485,3916.6665000000000000,2
193-7023,LANDSCAPE TREAT (TY I),EA,12157.0,2.6279228428066135,2.4097142857142857,7
193-7024,LANDSCAPE TREAT (TY II),EA,40935.0,1.4397740320019543,1.4814285714285714,7
193-7025,LANDSCAPE TREAT (TY I),CYC,2.0,18229.166500000000,18229.166500000000,2
193-7026,LANDSCAPE TREAT (TY II),CYC,5.0,8271.6664000000000000,7726.3886666666666667,3
193-7028,LANDSCAPE TREAT (TY III),EA,52049.0,1.4116531537589579,2.4947142857142857,7
193-7029,LANDSCAPE TREAT (TY IV),EA,1392.0,70.9302507183908046,74.9045000000000000,4
193-7030,LANDSCAPE TREAT (TY V),EA,1942.0,111.6455303810504634,8821.0660000000000000,4
193-7031,LANDSCAPE TREAT (TY VI),EA,3251.0,18.6176001230390649,129.4272000000000000,5
193-7032,LANDSCAPE TREAT (TY VII),EA,4981.0,25.3860357357960249,28.9223333333333333,6
193-7033,LANDSCAPE TREAT (TY VIII),EA,1414.0,29.7234780763790665,35.5396666666666667,3
193-7034,LANDSCAPE TREAT (TY IX),EA,222.0,71.5812162162162162,68.6430000000000000,2
193-7035,LANDSCAPE TREAT (TY X),EA,33463.0,1.9233676299196127,64.6327500000000000,4
193-7036,LANDSCAPE TREAT (TY III),CYC,21.0,18904.761857142857,18174.603142857143,7
193-7037,LANDSCAPE TREAT (TY IV),CYC,4.0,14656.250000000000,15875.000000000000,3
193-7038,LANDSCAPE TREAT (TY V),CYC,253.0,762.9446640316205534,8662.5000000000000000,2
193-7039,LANDSCAPE TREAT (TY VI),CYC,3.0,13431.666666666667,10897.5000000000000000,2
193-7040,LANDSCAPE TREAT (TY VII),CYC,686.0,454.9174402332361516,4221.6614000000000000,5
193-7046,LANDSCAPE TREATMENT (TY XIII),CYC,4.0,2500.0000000000000000,2500.0000000000000000,1
194-7001,RDSIDE AMENITY (INTERPRETIVE SIGN),EA,13.0,200.0000000000000000,200.0000000000000000,1
194-7006,RDSIDE AMENITY (ADA PARKING SIGN),EA,2.0,850.0000000000000000,850.0000000000000000,1
194-7007,RDSIDE AMENITY (WHEEL STOP),EA,15.0,250.0000000000000000,250.0000000000000000,1
194-7008,RDSIDE AMENITY (WHEEL STOP REMOV&RESET),EA,50.0,50.0000000000000000,50.0000000000000000,1
194-7011,RDSIDE AMENITY,EA,26.0,512.8201923076923077,5066.6665000000000000,2
194-7020,RDSIDE AMENITY (REMOV & RESET),EA,196.0,999.7874132653061224,3404.1665000000000000,2
247-7067,"FL BS (CMP IN PLC)(TY A GR 1-2) (8"")",SY,1924.0,25.8800000000000000,25.8800000000000000,1
247-7344,"FL BS (CMP IN PLC)(TY D GR 1-2)(9"")",SY,1142.0,27.2500000000000000,27.2500000000000000,1
250-7001,GEOGRID BASE REINFORCEMENT (TYPE 1),SY,1142.0,2.0000000000000000,2.0000000000000000,1
260-7001,LIME (COM OR QK)(SLURRY) OR QK(DRY),TON,11892.49,342.3447087615797869,367.1227272727272727,11
260-7005,LIME (COM OR QK)(SLURRY),TON,23.0,367.5900000000000000,367.5900000000000000,1
260-7006,"LIME TRT (EXIST MATL)(6"")",SY,92296.0,4.6180365346277195,4.5600000000000000,3
260-7007,"LIME TRT (EXIST MATL)(8"")",SY,537156.0,2.8708916962670062,6.9666666666666667,6
260-7011,"LIME TRT (EXIST MATL & NEW BASE)(8"")",SY,2003.0,16.2600000000000000,16.2600000000000000,1
260-7020,"LIME TRT (SUBGRADE) (8"")",SY,1254.0,24.5800000000000000,24.5800000000000000,1
260-7026,"LIME TRT (SUBGRADE)(12"")",SY,33258.0,5.0000000000000000,5.0000000000000000,1
275-7001,CEMENT,TON,4676.0,167.5034174508126604,169.7900000000000000,2
275-7002,"CEMENT TRT (EXIST MATL)(6"")",SY,12306.0,2.9200000000000000,2.9200000000000000,1
276-7343,"CEM TRT(PLNT MX)(CL N)(TY E)(GR 4)(6"")",SY,673133.0,15.8505552245990020,18.8800000000000000,9
292-7006,ASPHALT TRT BASE (GR 2)(PG 64),TON,11296.0,156.0384702549575071,167.5000000000000000,6
292-7007,ASPHALT TRT BASE (GR 2)(PG 70),TON,451.0,165.0000000000000000,165.0000000000000000,1
292-7014,ASPHALT TRT BASE (GR 4)(PG 64),TON,53594.47,98.8428460996069184,134.0000000000000000,6
292-7017,TACK COAT,GAL,13679.12,0.74643398113328927592,6.5000000000000000,3
3003-7001,WIDE FLANGE PAVEMENT TERMINALS,LF,1846.0,667.0078223185265439,858.0466666666666667,3
3006-7001,UNDERSEAL COURSE,GAL,355640.0,4.1479663423686874,4.0500000000000000,5
3007-7001,BONDING COURSE,GAL,19344.0,3.0000000000000000,3.0000000000000000,1
3010-7001,RAIS AND UNDERSEAL CONC SLBS W FOAM SYS,LB,60000.0,1.7266666666666667,4.3166666666666667,3
3017-7001,CONTINUOUS GRINDING-CONCRETE PAVEMENT,SY,39538.0,8.5000000000000000,8.5000000000000000,2
3017-7002,SPOT GRINDING - CONCRETE PAVEMENT,SY,9000.0,29.0000000000000000,23.5000000000000000,2
3017-7004,SPOT GRINDING -ASPHALTIC PAVEMENT,SY,4500.0,29.0000000000000000,23.5000000000000000,2
305-7015,"SALV, HAUL & STKPL RCL APH PV (1 1/2"")",SY,16008.0,1.00000000000000000000,1.00000000000000000000,1
305-7018,"SALV,HAUL & STKPL RCL APH PV (2"")",SY,144893.0,3.0000000000000000,3.0000000000000000,1
305-7029,"SLV, HAUL, & STKPL REL APH PV (9"")",SY,3834.0,10.0000000000000000,10.0000000000000000,1
310-7001,PRIME COAT (AE-P),GAL,1602.0,14.2609987515605493,14.2100000000000000,2
310-7004,PRIME COAT (MC-30),GAL,6341.0,6.2789843873206119,7.8900000000000000,2
310-7005,PRIME COAT (PCE),GAL,3310.0,5.0000000000000000,5.0000000000000000,1
316-7006,ASPH (AC-20XP),GAL,17351.0,4.5500000000000000,4.5500000000000000,1
316-7007,ASPH (AC-20-5TR),GAL,319915.92,3.0966956317772495,3.7583333333333333,6
316-7067,ASPH (AC-20-5TR OR AC-20XP),GAL,82073.0,3.1909239335713328,3.3666666666666667,3
316-7073,ASPH (AC-15P OR AC-10-2TR),GAL,10994.0,4.7000000000000000,4.7000000000000000,1
316-7211,"AGGR (TY-PB, GR-4)(SAC-B)",CY,7770.72,148.7814192249881607,198.3783333333333333,6
316-7245,"AGGR (TY-PB OR PL, GR-4)(SAC-B)",CY,2465.0,201.1241379310344828,219.8000000000000000,5
341-7050,D-GR HMA TY-D SAC-B PG70-22,TON,4196.0,181.1625119161105815,239.2400000000000000,3
341-7051,D-GR HMA TY-D PG70-22 (LEVEL-UP),TON,13.0,200.0000000000000000,200.0000000000000000,1
341-7057,D-GR HMA TY-D SAC-A PG76-22,TON,40997.0,153.2911188623557821,172.3333333333333333,3
341-7058,D-GR HMA TY-D SAC-B PG76-22,TON,20170.2,141.8967090063559112,150.5875000000000000,4
341-7067,D-GR HMA TY-D SAC-B PG70-22 (EXEMPT),TON,149.0,336.1700000000000000,336.1700000000000000,1
341-7069,D-GR HMA TY-D PG70-22 (EXEMPT),TON,151.0,336.1700000000000000,336.1700000000000000,1
341-7082,TACK COAT,GAL,11909.0,2.6008472583760181,12.5425000000000000,4
344-7001,SP MIXES SP-B PG64-22,TON,1725.0,130.0000000000000000,130.0000000000000000,1
344-7030,SP MIXES SP-C SAC-A PG76-22,TON,16202.0,150.0000000000000000,150.0000000000000000,1
344-7051,SP MIXES SP-D PG70-22,TON,424.0,190.0000000000000000,190.0000000000000000,1
344-7052,SP MIXES SP-D SAC-A PG70-22,TON,55500.0,153.7080540540540541,158.6000000000000000,5
344-7055,SP MIXES SP-D SAC-B PG70-22 (LEVEL-UP),TON,8306.0,145.0000000000000000,145.0000000000000000,1
344-7064,SP MIXES SP-D SAC-A PG76-22,TON,58589.0,152.0496338903207087,148.4285714285714286,7
344-7077,TACK COAT,GAL,84631.0,2.4915350167196417,3.6500000000000000,6
346-7009,STONE-MTRX-ASPH SMA-D SAC-A PG76-22,TON,66910.8,170.0000000000000000,170.0000000000000000,1
351-7001,"FLEXIBLE PAVEMENT STRUCTURE REPAIR(2"")",SY,45500.0,29.0879120879120879,41.2300000000000000,5
351-7003,"FLEXIBLE PAVEMENT STRUCTURE REPAIR(4"")",SY,10500.0,49.3142857142857143,52.3250000000000000,4
351-7004,"FLEXIBLE PAVEMENT STRUCTURE REPAIR(5"")",SY,1500.0,100.0000000000000000,100.0000000000000000,1
351-7005,"FLEXIBLE PAVEMENT STRUCTURE REPAIR(6"")",SY,8014.0,55.0910905914649364,109.7500000000000000,4
351-7007,"FLEXIBLE PAVEMENT STRUCTURE REPAIR(8"")",SY,31294.0,62.2765226561002109,73.3642857142857143,7
351-7008,"FLEXIBLE PAVEMENT STRUCTURE REPAIR(9"")",SY,372.0,132.0967741935483871,135.0000000000000000,2
351-7009,"FLEXIBLE PAVEMENT STRUCTURE REPAIR(10"")",SY,35945.0,38.0552232577549033,38.3333333333333333,3
351-7011,"FLEXIBLE PAVEMENT STRUCTURE REPAIR(12"")",SY,4466.0,91.6077026421854008,92.7500000000000000,4
351-7013,"FLEXIBLE PAVEMENT STRUCTURE REPAIR(14"")",SY,1381.0,174.7791455467052860,162.5000000000000000,2
351-7014,"FLEXIBLE PAVEMENT STRUCTURE REPAIR(15"")",SY,500.0,175.0000000000000000,175.0000000000000000,1
351-7015,"FLEXIBLE PAVEMENT STRUCTURE REPAIR(16"")",SY,1000.0,160.0000000000000000,160.0000000000000000,1
351-7017,"FLEXIBLE PAVEMENT STRUCTURE REPAIR(18"")",SY,2000.0,135.0000000000000000,135.0000000000000000,1
351-7021,"FLEXIBLE PAVEMENT STRUCTURE REPAIR(22"")",SY,300.0,150.0000000000000000,150.0000000000000000,1
351-7024,"FLEX PAVEMENT STRUCTURE REPAIR (4""-6"")",SY,28.0,200.0000000000000000,200.0000000000000000,1
354-7018,"PLANE & TEXT ASPH CONC PAV(1.5"")",SY,315901.0,1.5000000000000000,1.50000000000000000000,1
354-7019,"PLANE & TEXT ASPH CONC PAV(2"")",SY,3232.0,9.3000000000000000,9.3000000000000000,1
354-7027,"PLAN & TEXT CONC PAV(0"" TO 2"")",SY,2100.0,15.0000000000000000,15.0000000000000000,1
354-7032,"PLANE ASPH CONC PAV(0"" TO 2"")",SY,10551.0,10.9065965311344896,10.4300000000000000,5
354-7051,"PLANE ASPH CONC PAV(2"")",SY,358848.0,2.5196873049313358,2.4125000000000000,4
354-7052,"PLANE ASPH CONC PAV(3"")",SY,177122.0,2.1725449125461546,2.2500000000000000,2
354-7065,"PLANE CONC PAV(0"" TO 1.5"")",SY,24386.1,6.5000000000000000,6.5000000000000000,1
354-7066,"PLANE CONC PAV(0"" TO 2"")",SY,12354.37,9.6649650690403477,53.7700000000000000,5
354-7073,"PLANE ASPH CONC PAV (0"" TO 1.5"")",SY,10472.0,6.2557295645530940,4.7500000000000000,2
354-7074,"PLANE ASPH CONC PAV (1.5"")",SY,61365.0,3.4239183573698362,3.1250000000000000,2
360-7001,"CONC PVMT (CRCP) (7"")",SY,3684.0,70.0000000000000000,70.0000000000000000,1
360-7002,"CONC PVMT (CRCP) (8"")",SY,842.0,105.0000000000000000,105.0000000000000000,1
360-7003,"CONC PVMT (CRCP) (9"")",SY,148862.0,70.8000000000000000,70.8000000000000000,1
360-7004,"CONC PVMT (CRCP) (10"")",SY,95852.0,82.3133327421441389,83.3880000000000000,5
360-7005,"CONC PVMT (CRCP) (11"")",SY,17277.0,93.0000000000000000,93.0000000000000000,1
360-7006,"CONC PVMT (CRCP) (12"")",SY,366786.0,85.0908433800635793,214.9960000000000000,5
360-7016,"CONC PVMT (CPCD) (6"")",SY,17.0,363.8900000000000000,363.8900000000000000,1
360-7017,"CONC PVMT (CPCD) (7"")",SY,1372.0,141.2030612244897959,144.8200000000000000,2
360-7076,"CONC PVMT (CRCP)(FAST TRK) (12"")",SY,29601.0,112.2237086584912672,155.5000000000000000,2
360-7097,"CONC PVMT (CPCD) (FAST TRK) (13"")",SY,60.0,250.0000000000000000,250.0000000000000000,1
361-7001,"FULL - DEPTH REPAIR CRCP (6"")",CY,388.0,740.0000000000000000,740.0000000000000000,1
361-7003,"FULL - DEPTH REPAIR CRCP (8"")",CY,1584.0,490.5176767676767677,1056.6666666666666667,3
361-7004,"FULL - DEPTH REPAIR CRCP (9"")",CY,365.0,925.0000000000000000,925.0000000000000000,1
361-7005,"FULL - DEPTH REPAIR CRCP (10"")",CY,87.0,836.2068965517241379,1020.0000000000000000,3
361-7007,"FULL - DEPTH REPAIR CRCP (12"")",CY,290.0,803.4482758620689655,886.6666666666666667,3
361-7008,"FULL - DEPTH REPAIR CRCP (13"")",CY,73.0,1554.7945205479452055,1966.6666666666666667,3
361-7009,"FULL - DEPTH REPAIR CRCP (14"")",CY,534.0,760.0000000000000000,760.0000000000000000,1
361-7010,"FULL - DEPTH REPAIR CRCP (15"")",CY,215.0,717.4418604651162791,908.3333333333333333,3
361-7019,"FULL - DEPTH REPAIR CPCD (8"")",CY,20.0,2000.0000000000000000,2000.0000000000000000,1
361-7020,"FULL - DEPTH REPAIR CPCD (9"")",CY,1385.0,675.0000000000000000,675.0000000000000000,1
361-7036,"FULL - DEPTH REPAIR CPJR (8"")",CY,598.0,948.2608695652173913,1110.0000000000000000,2
361-7038,"FULL - DEPTH REPAIR CPJR (10"")",CY,30.0,510.0000000000000000,510.0000000000000000,1
361-7044,FULL-DEPTH REPAIR CRCP (VAR DEPTH),CY,9687.6,1024.6897064288368636,980.0000000000000000,3
361-7047,"FULL-DEPTH REP(BR APPR SLAB)(9""-13"")",CY,50.0,400.0000000000000000,400.0000000000000000,1
361-7065,"FULL-DEPTH REPAIR CRCP (8""-10"")",SY,400.0,350.0000000000000000,350.0000000000000000,1
361-7068,"FULL-DEPTH REP(BR APPR SLAB)(9""-13"")",SY,1000.0,565.0000000000000000,565.0000000000000000,1
361-7069,"FULL - DEPTH REPAIR CRCP (11""-12"")",SY,400.0,390.0000000000000000,390.0000000000000000,1
361-7070,"FULL - DEPTH REPAIR CRCP (13""-15"")",SY,150.0,400.0000000000000000,400.0000000000000000,1
4001-7006,"INTRLCK ART CONC BKS W/CABLE (8.5"" MIN)",SF,6838.0,60.0000000000000000,60.0000000000000000,1
4004-7006,INSTALL PREF PED STEEL TRUSS BRG SPAN,LF,224.0,2093.4800000000000000,2093.4800000000000000,1
400-7001,STRUCT EXCAV,CY,7031.0,10.7808789645854075,28.9316666666666667,6
400-7002,STRUCT EXCAV (BOX),CY,6864.0,9.2173149766899767,7.5150000000000000,2
400-7003,STRUCT EXCAV (PIPE),CY,3942.0,20.0295357686453577,35.0100000000000000,3
400-7008,CUT & RESTORE ASPH PAVING,SY,182.0,263.6791208791208791,265.8500000000000000,2
400-7010,CEM STABIL BKFL,CY,49718.4,74.5260316100276759,122.7353333333333333,30
400-7011,CEMENT STAB BACKFILL (INLET OR MH),CY,2808.0,63.8607158119658120,72.7433333333333333,9
4015-7001,PED SHADE CANOPY,LF,9134.0,9.3100000000000000,9.3100000000000000,1
401-7001,FLOWABLE BACKFILL,CY,1739.1,275.0740037950664137,572.7800000000000000,10
401-7002,FLOWABLE FILL (EMBANKMENT),CY,245.0,300.0000000000000000,300.0000000000000000,2
4019-7001,INSTALL BRIDGE IDENTIFICATION NUMBERS,EA,2.0,1384.5300000000000000,1384.5300000000000000,2
402-7001,TRENCH EXCAVATION PROTECTION,LF,43818.5,1.5626189851318507,4.6925000000000000,12
403-7001,TEMPORARY SPL SHORING,SF,70151.0,24.1629707345583099,27.3472727272727273,11
403-7002,TEMPORARY SPL SHORING (COFFERDAM),SF,3700.0,24.3243243243243243,25.0000000000000000,2
4038-7001,FENDER REPAIR,LS,1.0,225000.000000000000,225000.000000000000,1
4048-7002,INWATER PILING ENCAPSULATION,LF,63.0,2500.0000000000000000,2500.0000000000000000,1
4049-7001,INSTALL FENDER PILE ANODES,EA,66.0,950.0000000000000000,950.0000000000000000,1
405-7002,FOUNDATION LOAD TEST (D4945) (PILE),EA,7.0,6000.0000000000000000,6000.0000000000000000,1
4068-7001,DECK DRAINS,LF,280.0,10.0000000000000000,10.0000000000000000,1
4074-7001,PRECAST PREST CONC HOLLOW-CORE SLAB,SF,8604.0,40.5900000000000000,40.5900000000000000,1
407-7004,SHEET PILING (PZ - 40),SF,900.0,80.0000000000000000,80.0000000000000000,1
407-7005,SHEET PILING (PZC - 18),SF,1650.0,65.5300000000000000,65.5300000000000000,1
407-7010,SHEET PILING (NZ 42),SF,8935.0,150.0000000000000000,150.0000000000000000,1
407-7022,STEEL H-PILING (HP 14 X 102),LF,12620.0,179.0000000000000000,179.0000000000000000,1
407-7023,STEEL PILING (NZ-28),SF,2921.0,40.0000000000000000,40.0000000000000000,1
409-7001,PRESTR CONC PIL (16 IN SQ),LF,272.0,239.7500000000000000,239.7500000000000000,1
409-7003,PRESTR CONC PIL (20 IN SQ),LF,4085.0,192.0800000000000000,192.0800000000000000,1
409-7004,PRESTR CONC PIL (24 IN SQ),LF,2163.0,187.2200000000000000,187.2200000000000000,1
410-7001,SOIL NAIL ANCHORS,LF,12605.0,126.4656882189607299,85.0000000000000000,2
410-7003,VERIFICATION TESTS,EA,1.0,4000.0000000000000000,4000.0000000000000000,1
416-7001,DRILL SHAFT (12 IN),LF,100.0,80.0000000000000000,80.0000000000000000,1
416-7002,DRILL SHAFT (18 IN),LF,640.0,166.0409375000000000,160.4425000000000000,4
416-7004,DRILL SHAFT (24 IN),LF,495.0,267.1261818181818182,229.0675000000000000,4
416-7005,DRILL SHAFT (30 IN),LF,26912.0,197.3116056034482759,206.9425000000000000,4
416-7006,DRILL SHAFT (36 IN),LF,4686.0,282.2040247545881349,302.8500000000000000,6
416-7007,DRILL SHAFT (42 IN),LF,19440.0,359.8262777777777778,930.7460000000000000,5
416-7008,DRILL SHAFT (48 IN),LF,16279.0,389.7240911603906874,387.6800000000000000,2
416-7009,DRILL SHAFT (54 IN),LF,404.0,458.1600000000000000,458.1600000000000000,1
416-7024,DRILL SHAFT (NON - REINFORCED) (12 IN),LF,14.0,96.2500000000000000,96.2500000000000000,2
416-7026,DRILL SHAFT (NON - REINFORCED) (36 IN),LF,13608.0,134.0000000000000000,134.0000000000000000,1
416-7028,DRILL SHAFT (SIGN MTS) (24 IN),LF,861.0,146.2950058072009292,151.6666666666666667,3
416-7031,DRILL SHAFT (SIGN MTS) (42 IN),LF,538.0,489.6762081784386617,488.5666666666666667,3
416-7033,DRILL SHAFT (SIGN MTS) (54 IN),LF,228.0,720.4132894736842105,732.7333333333333333,3
416-7037,DRILL SHAFT (HIGH MAST POLE) (60 IN),LF,1098.0,779.2008743169398907,936.8950000000000000,2
416-7038,DRILL SHAFT (HIGH MAST POLE) (66 IN),LF,1611.0,997.1220000000000000,997.1220000000000000,1
416-7040,DRILL SHAFT (RDWY ILL POLE) (30 IN),LF,5742.0,118.4403692093347266,188.6128571428571429,7
416-7044,DRILL SHAFT (TRF SIG POLE) (36 IN),LF,312.0,439.5628205128205128,357.5500000000000000,4
416-7046,DRILL SHAFT (TRF SIG POLE) (48 IN),LF,704.0,530.0812500000000000,507.5250000000000000,4
419-7001,SOUND WALL,SF,338340.0,35.1663681503812733,37.9950000000000000,4
420-7001,CL A CONC (SEAL),CY,22.6,750.2700000000000000,750.2700000000000000,1
420-7002,CL A CONC (MISC),CY,132.2,1006.5958396369137670,1435.9850000000000000,2
420-7008,CL A CONC (COLLAR),EA,3.0,4000.0000000000000000,4000.0000000000000000,1
420-7011,CL B CONC (MISC),CY,63.2,1015.8227848101265823,1012.5000000000000000,2
420-7012,CL C CONC (ABUT),CY,643.4,743.1675007771215418,805.5680000000000000,5
420-7016,CL C CONC (ABUT)(EXTEND),CY,117.3,1512.9149019607843137,1552.9150000000000000,2
420-7022,CL C CONC (CAP),CY,1771.0,1448.0579977413890457,2904.5050000000000000,8
420-7038,CL C CONC (COLUMN),CY,1451.1,1157.8138226173247881,1534.6366666666666667,6
420-7044,CL C CONC (FOOTING),CY,209.0,821.0715215311004785,1174.1450000000000000,4
420-7046,CL C CONC (FOOTING)(MASS),CY,1182.8,186.5298444369293203,662.5000000000000000,2
420-7052,CL C CONC (RAIL FOUNDATION),CY,373.1,451.0418118466898955,737.1566666666666667,6
420-7057,CL C CONC (SIGN COLUMN),CY,316.22,1562.8637847068496616,1542.1700000000000000,4
420-7061,CL C CONC (COLLAR),EA,7.0,1728.5714285714285714,2675.0000000000000000,2
420-7067,CL C CONC (MISC),CY,712.6,1800.5051922537187763,1900.0000000000000000,2
420-7071,CL F CONC (CAP),CY,26.2,2500.0000000000000000,2500.0000000000000000,1
420-7079,CL F CONC (CAP)(INVT),CY,544.2,1484.5093715545755237,1450.0000000000000000,2
420-7113,CL F CONC (FOOTING)(MASS),CY,711.1,1000.0000000000000000,1000.0000000000000000,1
420-7148,CLASS K CONCRETE (MISC),CY,14.6,2945.2054794520547945,3500.0000000000000000,2
420-7151,CL C CONC (SIGN FOOTING),CY,78.8,1088.4908629441624365,1127.6900000000000000,3
420-7155,CL F CONC (ABUT),CY,610.7,680.0000000000000000,680.0000000000000000,1
420-7159,CL F CONC (BENT)(HPC),CY,332.3,720.0000000000000000,720.0000000000000000,1
422-7001,REINF CONC SLAB,SF,118957.0,21.7141770555747035,22.1980000000000000,5
422-7003,REINF CONC SLAB (EXTEND SLAB),SF,506376.0,23.7368328672764902,30.7466666666666667,3
422-7007,REINF CONC SLAB (SLAB BEAM),SF,1466.0,35.0000000000000000,35.0000000000000000,1
422-7012,BRIDGE SIDEWALK,SF,328.0,35.0000000000000000,35.0000000000000000,1
422-7013,APPROACH SLAB,CY,616.6,650.8621213104119364,654.1040000000000000,5
422-7016,APPROACH SLAB (EXTEND),CY,81.0,450.0000000000000000,450.0000000000000000,1
422-7017,SLAB SPAN,CY,151.8,1107.2800000000000000,1107.2800000000000000,1
423-7001,RETAINING WALL (MSE),SF,51162.0,49.6127379695868027,46.5700000000000000,2
423-7004,RET WALL (MSE) (HORIZONTAL SCHEME),SF,72426.0,46.1106928451108718,47.7200000000000000,2
423-7016,RETAINING WALL (CAST-IN-PLACE),SF,714.0,70.3400000000000000,70.3400000000000000,1
423-7032,RET WALL (DS)(FASCIA)(VERT SCH),SF,8498.0,73.0000000000000000,73.0000000000000000,1
425-7001,PRESTR CONC GIRDER (TX28),LF,1547.13,270.2992788582730604,276.4500000000000000,3
425-7002,PRESTR CONC GIRDER (TX34),LF,2814.1,208.1104594719448492,228.1800000000000000,2
425-7003,PRESTR CONC GIRDER (TX40),LF,745.0,200.0000000000000000,200.0000000000000000,1
425-7004,PRESTR CONC GIRDER (TX46),LF,11159.50,223.8596785519064474,224.4975000000000000,4
425-7005,PRESTR CONC GIRDER (TX54),LF,41109.88,240.2891712649124736,233.3966666666666667,3
425-7006,PRESTR CONC GIRDER (TX62),LF,5548.94,238.4000000000000000,238.4000000000000000,1
425-7016,PRESTR CONC SLAB BEAM (4SB12),LF,265.34,205.0000000000000000,205.0000000000000000,1
425-7018,PRESTR CONC SLAB BEAM (4SB15),LF,133.5,155.0000000000000000,155.0000000000000000,1
425-7019,PRESTR CONC SLAB BEAM (5SB15),LF,178.0,155.0000000000000000,155.0000000000000000,1
425-7043,PRESTR CONC U-BEAM (U54),LF,1826.73,628.2936788687983446,667.8000000000000000,2
427-7002,CONCRETE PAINT FINISH,SF,392974.0,1.1074711202267835,0.90133333333333333333,3
427-7006,EXPOSED AGGREGATE FINISH,SF,57489.0,1.7020000000000000,1.70200000000000000000,1
427-7007,BLAST FINISH,SF,873950.0,0.50701813604897305338,2.7500000000000000,2
429-7001,CONC STR REPAIR(CLEAN & COAT WTH EPOXY),SF,116.0,139.5689655172413793,171.6666666666666667,3
429-7002,CONC STR REPAIR (EPOXY MORTAR),SF,46.0,200.0000000000000000,200.0000000000000000,1
429-7003,CONC STR REPAIR(DECK REP(PART DEPTH)),SF,7655.0,73.7280209013716525,134.6000000000000000,10
429-7004,CONC STR REPAIR(RAPID DECK REP(PRT DPT),SF,1058.0,258.5066162570888469,209.3333333333333333,6
429-7005,CONC STR REPAIR(DECK REP (FULL DEPTH)),SF,4947.5,158.5245073269327943,212.1111111111111111,9
429-7006,CONC STR REPR(RAPID DECK REP(FULL DPT)),SF,275.0,340.0000000000000000,255.0000000000000000,3
429-7007,CONC STR REPAIR (VERTICAL & OVERHEAD),SF,10141.5,156.4765567223783464,225.5000000000000000,16
429-7008,CONC STR REPR(RAPID VERT AND OVERHEAD),SF,675.0,200.0000000000000000,200.0000000000000000,1
429-7009,CONC STR REPAIR (STANDARD),SF,2885.0,95.9670710571923744,183.0000000000000000,7
432-7001,RIPRAP (CONC)(4 IN),CY,1865.14,509.8159560569179793,739.7521538461538462,13
432-7002,RIPRAP (CONC)(5 IN),CY,2829.8,559.4719255777793484,655.7661000000000000,10
432-7003,RIPRAP (CONC)(6 IN),CY,1142.0,498.3345569176882662,696.3814444444444444,9
432-7005,RIPRAP (CONC)(CL B),CY,841.8,432.0238251366120219,425.3233333333333333,3
432-7007,RIPRAP (CONC) (CL B) (4 IN),CY,1199.13,616.9925636086162468,767.5012500000000000,8
432-7008,RIPRAP (CONC)(CL B)(5 IN),CY,1964.0,512.2513951120162933,573.7033333333333333,3
432-7009,RIPRAP (CONC) (CL B) (6 IN),CY,27.0,521.1074074074074074,523.5666666666666667,3
432-7012,RIPRAP (CONC)(FLUME),CY,345.8,670.2687102371312898,631.6560000000000000,5
432-7013,RIPRAP (MOW STRIP)(4 IN),CY,1988.05,710.0752229571690853,690.8340000000000000,30
432-7014,RIPRAP (MOW STRIP)(5 IN),CY,58.3,806.7142367066895369,816.3100000000000000,2
432-7029,RIPRAP (STONE COMMON)(DRY)(6 IN),CY,6.0,355.8000000000000000,355.8000000000000000,1
432-7031,RIPRAP (STONE COMMON)(DRY)(12 IN),CY,50.0,86.0000000000000000,86.0000000000000000,1
432-7033,RIPRAP (STONE COMMON)(DRY)(18 IN),CY,549.4,204.2968219876228613,231.9033333333333333,3
432-7039,RIPRAP (STONE COMMON)(GROUT)(18 IN),CY,869.0,200.0000000000000000,200.0000000000000000,1
432-7041,RIPRAP (STONE PROTECTION)(12 IN),CY,484.3,235.2129878174685113,226.8633333333333333,3
432-7043,RIPRAP (STONE PROTECTION)(18 IN),CY,6980.0,174.9412607449856734,231.4285714285714286,7
432-7045,RIPRAP (STONE PROTECTION)(24 IN),CY,1002.0,207.7844311377245509,220.0000000000000000,2
432-7047,RIPRAP (STONE PROTECTION)(30 IN),CY,80.0,200.0000000000000000,200.0000000000000000,1
432-7049,BEDDING MATERIAL (3 IN),CY,33.0,104.8200000000000000,104.8200000000000000,1
432-7055,RIPRAP (CONC)(CL B)(RR8&RR9),CY,386.2,495.6411962713619886,530.0940000000000000,5
434-7002,ELASTOMERIC BEARING (LAMINATED),EA,10.0,1000.0000000000000000,1000.0000000000000000,1
434-7117,ELASTOMERIC BEARING (SLIDING)(SPG),EA,40.0,6800.0000000000000000,6800.0000000000000000,1
438-7001,CLEANING AND SEALING EXISTING JOINTS,LF,27165.0,15.9875391128290079,29.5500000000000000,10
438-7004,CLEANING AND SEALING EXIST JOINTS (CL3),LF,1106.0,79.8318264014466546,73.5000000000000000,2
438-7006,CLEANING AND SEALING EXIST JOINTS (CL5),LF,880.0,27.0000000000000000,27.0000000000000000,1
438-7007,CLEANING AND SEALING EXIST JOINTS (CL7),LF,18118.0,32.4856496302020091,40.4000000000000000,10
438-7008,CLEANING EXISTING JOINTS,LF,3054.0,15.1146037982973150,24.0000000000000000,3
438-7013,CLEANING & SEALING EXISTING JOINT (SEJ),LF,6030.0,16.7000000000000000,16.7000000000000000,1
442-7003,STR STEEL (BOX GIRDER),LB,68980.0,11.9500000000000000,11.9500000000000000,1
442-7004,STR STEEL (ROLLED BEAM),LB,36400.0,3.2500000000000000,3.2500000000000000,1
442-7005,STR STEEL (RAILROAD DECK-GIRDER),LB,1492700.0,3.1000000000000000,3.1000000000000000,1
442-7007,STR STEEL (MISC NON-BRIDGE),LB,13653.0,5.1122588442100637,14.9975000000000000,4
442-7008,STR STEEL (MISCELLANEOUS BRIDGE),LB,5877.0,4.3695763144461460,51.5500000000000000,2
442-7009,STR STEEL (DIAPHRAGM & STIFFENER),LB,146500.0,3.1000000000000000,3.1000000000000000,1
442-7011,STR STEEL (RAILS/POSTS/PLATES),LB,2700.0,10.0000000000000000,10.0000000000000000,1
442-7017,MISC NON-BRIDGE (NBIS),LB,27.6,34.6014492753623188,31.6666666666666667,3
446-7002,CLEAN & PAINT EXIST STR (SYSTEM II),LS,7.0,398571.428571428571,1045000.000000000000,2
446-7010,CLEAN & PAINT EXIST STR (SYSTEM III-A),LS,2.0,527500.000000000000,527500.000000000000,2
450-7004,RAIL (TY T221),LF,210.0,215.0000000000000000,215.0000000000000000,1
450-7008,RAIL (TY T223),LF,1297.7,146.8648015720120213,207.8450000000000000,4
450-7020,RAIL (TY T631),LF,120.0,150.0000000000000000,150.0000000000000000,1
450-7024,RAIL (TY SSTR),LF,41710.3,58.2307409201084624,67.8512500000000000,8
450-7032,RAIL (TY C221),LF,7344.8,77.3036945866463348,129.6600000000000000,2
450-7034,RAIL (TY C223),LF,63.0,300.0000000000000000,300.0000000000000000,1
450-7044,RAIL (TY PR11),LF,5872.0,120.8054598092643052,112.9180000000000000,5
450-7049,RAIL (CLF-RO),LF,1300.0,120.7692307692307692,137.5000000000000000,2
450-7062,RAIL (HANDRAIL)(TY E),LF,67.0,230.0000000000000000,230.0000000000000000,1
450-7063,RAIL (HANDRAIL)(TY F),LF,2454.0,126.9108638956805216,127.0700000000000000,2
450-7070,RAIL (HANDRAIL)(RR BRIDGE),LF,284.4,189.0000000000000000,189.0000000000000000,1
451-7024,RETROFIT RAIL (TY SSTR),LF,5394.0,205.0000000000000000,205.0000000000000000,1
454-7002,ARMOR JOINT,LF,57.0,80.0000000000000000,80.0000000000000000,1
454-7003,ARMOR JOINT (SEALED),LF,160.0,175.0000000000000000,180.0000000000000000,2
454-7004,SEALED EXPANSION JOINT (4 IN) (SEJ - M),LF,4028.2,186.4164813067871506,204.3430000000000000,10
454-7005,SEALED EXPANSION JOINT (5 IN) (SEJ - M),LF,160.0,171.3000000000000000,171.3000000000000000,1
454-7006,SEALED EXPANSION JOINT (4 IN) (SEJ - B),LF,100.0,100.0000000000000000,100.0000000000000000,1
458-7008,WATERPROOFING (TY RR - 1),SY,642.0,15.0000000000000000,15.0000000000000000,1
459-7005,GABION MATTRESSES (GALV)(6 IN),SY,153.0,260.0000000000000000,260.0000000000000000,1
459-7007,GABION MATTRESSES (GALV)(12 IN),SY,279.0,275.0000000000000000,275.0000000000000000,1
460-7005,CMP (GAL STL 24 IN),LF,20.0,250.0000000000000000,250.0000000000000000,1
460-7007,CMP (GAL STL 30 IN),LF,40.0,260.0000000000000000,260.0000000000000000,1
462-7001,CONC BOX CULV (3 FT X 2 FT),LF,3773.0,343.2667532467532468,401.2800000000000000,2
462-7002,CONC BOX CULV (3 FT X 3 FT),LF,837.0,235.6900000000000000,235.6900000000000000,1
462-7003,CONC BOX CULV (4 FT X 2 FT),LF,926.5,258.0223421478683216,259.8750000000000000,2
462-7004,CONC BOX CULV (4 FT X 3 FT),LF,488.0,347.0368852459016393,325.9000000000000000,2
462-7005,CONC BOX CULV (4 FT X 4 FT),LF,150.0,359.8000000000000000,359.8000000000000000,1
462-7006,CONC BOX CULV (5 FT X 2 FT),LF,42.0,345.3300000000000000,345.3300000000000000,1
462-7007,CONC BOX CULV (5 FT X 3 FT),LF,5966.0,347.1881059336238686,378.1650000000000000,4
462-7011,CONC BOX CULV (6 FT X 3 FT),LF,4904.5,411.9487001733102253,459.3466666666666667,3
462-7012,CONC BOX CULV (6 FT X 4 FT),LF,2690.0,567.0032713754646840,592.3000000000000000,3
462-7013,CONC BOX CULV (6 FT X 5 FT),LF,304.0,544.3000000000000000,544.3000000000000000,1
462-7016,CONC BOX CULV (7 FT X 4 FT),LF,296.0,612.4000000000000000,612.4000000000000000,1
462-7017,CONC BOX CULV (7 FT X 5 FT),LF,600.0,646.0000000000000000,646.0000000000000000,1
462-7020,CONC BOX CULV (8 FT X 3 FT),LF,2155.0,648.4000000000000000,648.4000000000000000,1
462-7022,CONC BOX CULV (8 FT X 5 FT),LF,302.0,777.1000000000000000,777.1000000000000000,1
462-7024,CONC BOX CULV (8 FT X 7 FT),LF,93.0,1570.0000000000000000,1570.0000000000000000,1
462-7036,CONC BOX CULV (10 FT X 8 FT),LF,87.0,1591.9100000000000000,1591.9100000000000000,1
462-7053,CONC BOX CULV (12 FT X 10 FT),LF,2951.0,1900.0000000000000000,1900.0000000000000000,1
462-7067,CONC BOX CULV (6 FT X 4 FT)(EXTEND),LF,140.0,586.9000000000000000,586.9000000000000000,1
462-7076,CONC BOX CULV (8 FT X 4 FT)(EXTEND),LF,106.0,784.1000000000000000,784.1000000000000000,1
462-7079,CONC BOX CULV (8 FT X 7 FT)(EXTEND),LF,153.0,988.4300000000000000,988.4300000000000000,1
462-7080,CONC BOX CULV (8 FT X 8 FT)(EXTEND),LF,25.0,1672.0500000000000000,1672.0500000000000000,1
462-7135,CONC BOX CULV (12 FT X 10 FT)(C E-80),LF,261.0,3200.0000000000000000,3200.0000000000000000,1
464-7001,RC PIPE (CL III)(12 IN),LF,34.0,54.0000000000000000,54.0000000000000000,1
464-7002,RC PIPE (CL III)(15 IN),LF,250.0,85.0000000000000000,85.0000000000000000,1
464-7003,RC PIPE (CL III)(18 IN),LF,1856.0,101.6177801724137931,101.6285714285714286,7
464-7005,RC PIPE (CL III)(24 IN),LF,36911.0,84.8749524531982336,115.4050000000000000,12
464-7007,RC PIPE (CL III)(30 IN),LF,2157.0,117.7882985628187297,150.3457142857142857,7
464-7009,RC PIPE (CL III)(36 IN),LF,258.0,155.9239534883720930,201.8250000000000000,4
464-7010,RC PIPE (CL III)(42 IN),LF,706.0,185.0211048158640227,180.0375000000000000,4
464-7011,RC PIPE (CL III)(48 IN),LF,334.0,248.2694610778443114,241.5000000000000000,2
464-7012,RC PIPE (CL III)(54 IN),LF,4.0,645.3000000000000000,645.3000000000000000,1
464-7014,RC PIPE (CL III)(66 IN),LF,91.0,565.0000000000000000,565.0000000000000000,1
464-7016,RC PIPE (CL III)(84 IN),LF,240.0,1300.0000000000000000,1300.0000000000000000,1
464-7021,RC PIPE (CL IV)(24 IN),LF,22.0,220.0000000000000000,220.0000000000000000,1
464-7034,RC PIPE (CL V)(24 IN),LF,46.0,115.7800000000000000,115.7800000000000000,1
464-7040,RC PIPE (ARCH)(CL III)(DES 1),LF,227.0,249.8237885462555066,225.0000000000000000,2
465-7002,MANH (COMPL)(PRM)(48IN),EA,3.0,8500.0000000000000000,8500.0000000000000000,1
465-7005,JCTBOX(COMPL)(PJB)(3FTX3FT),EA,5.0,3942.2520000000000000,3607.9950000000000000,2
465-7006,JCTBOX(COMPL)(PJB)(4FTX4FT),EA,2.0,5748.3250000000000000,5748.3250000000000000,2
465-7009,JCTBOX(COMPL)(PJB)(5FTX5FT),EA,3.0,6223.6166666666666667,6223.6166666666666667,3
465-7011,JCTBOX(COMPL)(PJB)(6FTX6FT),EA,2.0,9348.4500000000000000,9348.4500000000000000,2
465-7012,JCTBOX(COMPL)(PJB)(8FTX8FT),EA,9.0,14093.393333333333,14414.427500000000,4
465-7013,INLET (COMPL)(PCO)(3FT)(NONE),EA,6.0,4671.0000000000000000,4671.0000000000000000,1
465-7014,INLET (COMPL)(PCO)(3FT)(LEFT),EA,3.0,7357.9000000000000000,7357.9000000000000000,1
465-7015,INLET (COMPL)(PCO)(3FT)(RIGHT),EA,1.0,9822.0000000000000000,9822.0000000000000000,1
465-7016,INLET (COMPL)(PCO)(3FT)(BOTH),EA,21.0,7287.0000000000000000,7287.0000000000000000,1
465-7028,INLET (COMPL)(PCO)(6FT)(BOTH),EA,4.0,9293.9000000000000000,9293.9000000000000000,1
465-7029,INLET (COMPL)(PCU)(3FT)(NONE),EA,5.0,4929.2000000000000000,4929.2000000000000000,1
465-7032,INLET (COMPL)(PCU)(3FT)(BOTH),EA,6.0,9719.7000000000000000,9719.7000000000000000,1
465-7041,INLET (COMPL)(PCU)(6FT)(NONE),EA,1.0,7151.9000000000000000,7151.9000000000000000,1
465-7048,INLET (COMPL)(POD)(FG)(3FTX3FT),EA,6.0,6092.6266666666666667,6519.4700000000000000,2
465-7070,INLET (COMPL)(PSL)(RC)(3FTX3FT),EA,2.0,4618.7350000000000000,4618.7350000000000000,2
465-7071,INLET (COMPL)(PSL)(RC)(4FTX4FT),EA,1.0,5159.8600000000000000,5159.8600000000000000,1
465-7126,INLET (COMPL)(PSL)(FG)(3FTX3FT-3FTX3FT),EA,5.0,4292.1000000000000000,4292.1000000000000000,1
465-7128,INLET (COMPL)(PSL)(FG)(4FTX4FT-4FTX4FT),EA,2.0,8060.0000000000000000,8060.0000000000000000,1
465-7140,INLET (COMPL)(PSL)(FG)(6FTX6FT-3FTX3FT),EA,11.0,8371.2000000000000000,8371.2000000000000000,1
465-7143,INLET (COMPL)(PSL)(FG)(8FTX8FT-3FTX3FT),EA,1.0,5539.3700000000000000,5539.3700000000000000,1
465-7151,INLET (COMPL)(PAZD)(SL)(5FTX5FT),EA,3.0,5180.5000000000000000,5180.5000000000000000,1
465-7257,INLET (COMPL)(RWF)(FTW),EA,2.0,11000.0000000000000000,11000.0000000000000000,1
465-7295,JUNCT BOX (COMPL)(JB)(7FT X 7FT)(FTW),EA,1.0,14873.9100000000000000,14873.9100000000000000,1
465-7305,INLET (COMPL)(CURB)(TY C)(NONE)(HOU),EA,28.0,5091.6071428571428571,5601.3000000000000000,2
465-7307,INLET (COMPL)(CURB)(TY C)(RIGHT)(HOU),EA,1.0,5560.8000000000000000,5560.8000000000000000,1
465-7309,INLET (COMPL)(CURB)(TY C1)(NONE)(HOU),EA,18.0,5705.0800000000000000,5705.0800000000000000,1
465-7310,INLET (COMPL)(CURB)(TY C1)(LEFT)(HOU),EA,35.0,7170.4557142857142857,7058.8875000000000000,4
465-7311,INLET (COMPL)(CURB)(TY C1)(RIGHT)(HOU),EA,17.0,6989.1482352941176471,6706.7666666666666667,3
465-7312,INLET (COMPL)(CURB)(TY C1)(BOTH)(HOU),EA,68.0,7818.3142647058823529,7985.2425000000000000,4
465-7313,INLET (COMPL)(TY A)(HOU),EA,19.0,4242.2405263157894737,5127.5233333333333333,3
465-7314,INLET (COMPL)(TY AD)(HOU),EA,17.0,4427.4470588235294118,5102.4666666666666667,3
465-7315,INLET (COMPL)(TY AAD)(HOU),EA,43.0,6004.3809302325581395,6599.2150000000000000,4
465-7316,INLET (COMPL)(TY AZ)(HOU),EA,10.0,6409.2340000000000000,6206.2550000000000000,4
465-7317,INLET (COMPL)(TY AZ2G)(HOU),EA,125.0,10058.0297600000000000,8135.6433333333333333,3
465-7318,INLET (COMPL)(TY AZR)(HOU),EA,5.0,4154.9620000000000000,4301.8050000000000000,2
465-7319,INLET (COMPL)(TY AZR2G)(HOU),EA,20.0,11694.806000000000,9816.0200000000000000,2
465-7320,MANH (COMPL)(TY A)(HOU),EA,30.0,5363.0790000000000000,6614.6380000000000000,5
465-7332,JCT BOX (COMPL)(SPL),EA,12.0,54224.791666666667,51390.460000000000,5
465-7345,INLET(COMPL)(EXT TY C),EA,5.0,4150.0000000000000000,4150.0000000000000000,1
465-7347,MANH(COMP)(JUNCT BOX),EA,7.0,15351.890000000000,15351.8900000000000000,1
465-7396,INLET (COMPL)(TY A)(MOD),EA,3.0,4147.0000000000000000,4147.0000000000000000,1
465-7397,INLET (COMPL)(TY AAD)(MOD),EA,1.0,8365.5000000000000000,8365.5000000000000000,1
465-7398,INLET (COMPL)(TY AZ)(MOD),EA,1.0,4738.5000000000000000,4738.5000000000000000,1
465-7401,MANH(COMPL)(TY A)(MOD),EA,7.0,4000.0000000000000000,4000.0000000000000000,1
465-7415,JCT BOX (COMPL)(CIP)(19FT X 10 FT),EA,1.0,48031.100000000000,48031.100000000000,1
466-7099,HEADWALL (CH - PW - 0) (DIA= 18 IN),EA,2.0,6500.0000000000000000,6500.0000000000000000,1
466-7103,HEADWALL (CH - PW - 0) (DIA= 30 IN),EA,1.0,24000.000000000000,24000.000000000000,1
466-7177,WINGWALL (PW - 1) (HW=7 FT),EA,6.0,25344.000000000000,25344.000000000000,1
466-7181,WINGWALL (PW - 1) (HW=11 FT),EA,2.0,65626.200000000000,65626.200000000000,1
466-7183,WINGWALL (PW - 1) (HW=13 FT),EA,1.0,107382.520000000000,107382.520000000000,1
466-7186,WINGWALL (PW - 1) (HW=16 FT),EA,1.0,62000.000000000000,62000.000000000000,1
466-7188,WINGWALL (PW - 2) (HW=4 FT),EA,2.0,17991.100000000000,17991.1000000000000000,1
466-7189,WINGWALL (PW - 2) (HW=5 FT),EA,2.0,29321.100000000000,29321.100000000000,1
466-7190,WINGWALL (PW - 2) (HW=6 FT),EA,3.0,34748.400000000000,34748.400000000000,1
466-7191,WINGWALL (PW - 2) (HW=7 FT),EA,3.0,40649.200000000000,40649.200000000000,1
466-7192,WINGWALL (PW - 2) (HW=8 FT),EA,2.0,64297.600000000000,64297.600000000000,1
466-7200,WINGWALL (PW - 2) (HW=16 FT),EA,1.0,110071.610000000000,110071.610000000000,1
466-7204,WINGWALL (SW - 0) (HW=5 FT),EA,2.0,17722.800000000000,17722.8000000000000000,1
467-7064,SET (TY I)(S= 4 FT)(HW= 2 FT)(4:1)(C),EA,1.0,6376.5600000000000000,6376.5600000000000000,1
467-7096,SET (TY I)(S= 5 FT)(HW= 3 FT)(4:1)(C),EA,10.0,8000.0000000000000000,8000.0000000000000000,1
467-7125,SET (TY I)(S= 6 FT)(HW= 3 FT)(4:1)(C),EA,1.0,7350.9500000000000000,7350.9500000000000000,1
467-7129,SET (TY I)(S= 6 FT)(HW= 4 FT)(4:1)(C),EA,3.0,11668.4000000000000000,11668.4000000000000000,1
467-7133,SET (TY I)(S= 6 FT)(HW= 5 FT)(4:1)(C),EA,4.0,15498.400000000000,15498.4000000000000000,1
467-7135,SET (TY I)(S= 6 FT)(HW= 5 FT)(6:1)(P),EA,10.0,17823.100000000000,17823.1000000000000000,1
467-7184,SET (TY I)(S= 8 FT)(HW= 5 FT)(4:1)(C),EA,3.0,19613.300000000000,19613.3000000000000000,1
467-7305,SET (TY II) (18 IN) (RCP) (3: 1) (C),EA,1.0,1192.9900000000000000,1192.9900000000000000,1
467-7308,SET (TY II) (18 IN) (RCP) (6: 1) (P),EA,2.0,2657.8500000000000000,2657.8500000000000000,1
467-7312,SET (TY II) (18 IN) (TP) (6: 1) (P),EA,2.0,1965.0000000000000000,1965.0000000000000000,1
467-7325,SET (TY II) (24 IN) (RCP) (3: 1) (C),EA,1.0,1470.0000000000000000,1470.0000000000000000,1
467-7326,SET (TY II) (24 IN) (RCP) (4: 1) (C),EA,29.0,1815.6720689655172414,1742.8966666666666667,3
467-7328,SET (TY II) (24 IN) (RCP) (6: 1) (P),EA,48.0,2829.2687500000000000,3323.6333333333333333,3
467-7332,SET (TY II) (24 IN) (TP) (6: 1) (P),EA,17.0,1773.6617647058823529,1747.3750000000000000,2
467-7346,SET (TY II) (30 IN) (RCP) (4: 1) (C),EA,1.0,3035.8000000000000000,3035.8000000000000000,1
467-7348,SET (TY II) (30 IN) (RCP) (6: 1) (P),EA,4.0,4256.2500000000000000,4256.2500000000000000,2
467-7352,SET (TY II) (30 IN) (TP) (6: 1) (P),EA,5.0,3381.8320000000000000,3296.0400000000000000,2
467-7368,SET (TY II) (36 IN) (RCP) (6: 1) (P),EA,1.0,8000.0000000000000000,8000.0000000000000000,1
467-7372,SET (TY II) (36 IN) (TP) (6: 1) (P),EA,6.0,8349.6800000000000000,8349.6800000000000000,1
467-7380,SET (TY II) (42 IN) (RCP) (6: 1) (P),EA,5.0,11364.6800000000000000,11366.3000000000000000,3
467-7416,SET (TY II) (DES 1) (RCP) (4: 1) (C),EA,2.0,5000.0000000000000000,5000.0000000000000000,1
468-7001,"THERMOPLASTIC PIPE (PP) (18"")",LF,27.0,73.2700000000000000,73.2700000000000000,1
468-7002,"THERMOPLASTIC PIPE (PP) (24"")",LF,556.0,75.2549280575539568,72.3050000000000000,2
468-7003,"THERMOPLASTIC PIPE (PP) (30"")",LF,554.0,96.4076714801444043,102.2250000000000000,2
468-7004,"THERMOPLASTIC PIPE (PP) (36"")",LF,238.0,109.0000000000000000,109.0000000000000000,1
471-7003,GRATE & FRAME,EA,5.0,1200.0000000000000000,1200.0000000000000000,1
471-7005,RING & COVER,EA,5.0,2000.0000000000000000,2000.0000000000000000,1
474-7005,SLOT DRAIN (GAL STL) (18 IN),LF,50.0,450.0000000000000000,450.0000000000000000,1
474-7022,PRE-CAST TRENCH DRAIN (IN CONC PAVEMNT),LF,120.0,132.0300000000000000,132.0300000000000000,1
476-7011,JACK BOR OR TUN PIPE(24 IN)(RC)(CL III),LF,58.0,1480.0000000000000000,1480.0000000000000000,1
479-7001,ADJUSTING MANHOLES,EA,8.0,1606.2500000000000000,1691.6666666666666667,6
479-7002,ADJUSTING INLETS,EA,36.0,1409.9866666666666667,1268.0240000000000000,5
479-7003,ADJUSTING MANHOLES & INLETS,EA,7.0,750.0000000000000000,750.0000000000000000,1
479-7004,ADJUSTING MANHOLES (UTILITY BOX),EA,11.0,1750.0000000000000000,1750.0000000000000000,1
479-7005,ADJUSTING MANHOLES (CAP),EA,5.0,1650.0000000000000000,1650.0000000000000000,1
479-7006,ADJUSTING INLETS (CAP),EA,43.0,690.2976744186046512,2061.7000000000000000,2
480-7001,CLEAN EXIST CULVERTS,EA,8.0,975.0000000000000000,2700.0000000000000000,2
481-7013,PIPE (PVC) (SCH 40) (6 IN),LF,98.0,4.3160000000000000,4.3160000000000000,1
481-7016,PIPE (PVC) (SCH 40) (12 IN),LF,39.0,66.2000000000000000,66.2000000000000000,1
481-7024,PIPE (PVC) (SCH 80) (3 IN),LF,24.0,50.0000000000000000,50.0000000000000000,1
481-7028,PIPE (PVC) (SCH 80) (8 IN),LF,3685.0,38.0000000000000000,38.0000000000000000,1
481-7037,PIPE (MISC) (6 IN),LF,652.0,27.6200000000000000,27.6200000000000000,1
495-7006,SUPPORT EXIST STRUCT,LS,1.0,200000.000000000000,200000.000000000000,1
496-7002,REMOV STR (INLET),EA,189.0,692.6877248677248677,877.1018181818181818,11
496-7003,REMOV STR (MANHOLE),EA,8.0,1237.1425000000000000,1239.0950000000000000,4
496-7004,REMOV STR (SET),EA,150.0,489.8526000000000000,574.7037500000000000,8
496-7005,REMOV STR (WINGWALL),EA,4.0,2858.6575000000000000,2800.8050000000000000,2
496-7006,REMOV STR (HEADWALL),EA,16.0,1951.2343750000000000,1656.6716666666666667,6
496-7007,REMOV STR (PIPE),LF,11229.0,21.8507418291922700,27.8906250000000000,16
496-7008,REMOV STR (BOX CULVERT),LF,4607.0,53.1717668764922943,52.2980000000000000,5
496-7009,REMOV STR (BRIDGE 0 - 99 FT LENGTH),EA,6.0,28288.126666666667,31182.190000000000,4
496-7010,REMOV STR (BRIDGE 100 - 499 FT LENGTH),EA,1.0,140000.000000000000,140000.000000000000,1
496-7015,REMOV STR (BENT),EA,1.0,50000.000000000000,50000.000000000000,1
496-7016,REMOV STR (RAIL FOUNDATION),EA,2.0,360.0000000000000000,360.0000000000000000,1
496-7017,REMOVE STR (RAIL),LF,1391.0,19.9345506829618979,20.0275000000000000,4
496-7019,REMOV STR (RET WALL),LF,911.0,64.8494291986827662,79.4733333333333333,3
496-7022,REMOV STR (APPROACH SLAB),EA,2.0,5000.0000000000000000,5000.0000000000000000,1
496-7023,REMOVE STR (PILING),LF,118.0,50.0000000000000000,50.0000000000000000,1
496-7033,REMOV STR (BUILDING),EA,1.0,85089.610000000000,85089.610000000000,1
496-7036,REMOV STR (SMALL),EA,3.0,717.0000000000000000,765.5000000000000000,2
496-7040,REMOVING ROCK RIPRAP,LF,23.0,500.0000000000000000,500.0000000000000000,1
496-7043,REMOVE STR (BARRIER GATE),EA,2.0,500.0000000000000000,500.0000000000000000,1
500-7001,MOBILIZATION,LS,87.0,491512.179597701149,491512.179597701149,87
500-7002,MOBILIZATION (CALLOUT),EA,1294.0,472.0044142194744977,743.3496833333333333,60
500-7033,MOBILIZATION (EMERGENCY),EA,279.0,513.4589283154121864,622.3700217391304348,46
5007-7001,STEEL FENCE (REMOVE),LF,20.0,36.2800000000000000,36.2800000000000000,1
5007-7002,STEEL FENCE (INSTALL),LF,20.0,142.4700000000000000,142.4700000000000000,1
5010-7001,PEDESTRIAN BARRIER (FURN & INSTALL),LF,1000.0,40.0000000000000000,40.0000000000000000,1
5010-7002,PEDESTRIAN BARRIER (REMOVE & REINSTALL),LF,300.0,20.0000000000000000,20.0000000000000000,1
502-7001,"BARRICADES, SIGNS AND TRAFFIC HANDLING",MO,745.0,6144.4500214765100671,8442.3808139534883721,86
502-7004,"BARRICADES, SIGNS AND TRAFFIC HANDLING",EA,13.0,5000.0000000000000000,5000.0000000000000000,1
5031-7002,RETROFIT DET WARN SURF (SURF APPLIED),EA,8.0,4000.0000000000000000,4000.0000000000000000,1
503-7001,PORTABLE CHANGEABLE MESSAGE SIGN,DAY,7575.0,94.9999630363036304,150.6937704918032787,61
503-7002,PORTABLE CHANGEABLE MESSAGE SIGN,EA,121.0,2754.6533057851239669,6492.5060000000000000,15
505-7001,TMA (STATIONARY),DAY,17524.0,286.7427790458799361,370.6543750000000000,120
505-7002,TMA (MOBILE OPERATION),HR,20256.0,58.9843996840442338,63.1300000000000000,10
505-7003,TMA (MOBILE OPERATION),DAY,12648.0,300.1089618912080961,255.0206000000000000,65
5061-7001,SUBSURFACE UTIL LOCATE (NON-PAVED AREA),EA,24.0,500.0000000000000000,500.0000000000000000,1
506-7001,ROCK FILTER DAMS (INSTALL) (TY 1),LF,638.0,46.0365736677115987,43.6335555555555556,9
506-7002,ROCK FILTER DAMS (INSTALL) (TY 2),LF,5693.0,80.7866854031266468,66.4920000000000000,5
506-7003,ROCK FILTER DAMS (INSTALL) (TY 3),LF,1061.0,31.9811498586239397,51.2000000000000000,5
506-7004,ROCK FILTER DAMS (INSTALL) (TY 4),LF,140.0,53.1428571428571429,51.0000000000000000,2
506-7011,ROCK FILTER DAMS (REMOVE),LF,7436.0,17.9193211403980635,14.4935000000000000,16
506-7020,CONSTRUCTION EXITS (INSTALL) (TY 1),SY,10141.0,30.6380209052361700,27.9633333333333333,15
506-7021,CONSTRUCTION EXITS (INSTALL) (TY 2),SY,2457.0,15.4761904761904762,17.5000000000000000,2
506-7022,CONSTRUCTION EXITS (INSTALL) (TY 3),SY,78.0,50.0000000000000000,50.0000000000000000,1
506-7024,CONSTRUCTION EXITS (REMOVE),SY,12676.0,9.5475583780372357,11.4705555555555556,18
506-7027,"EXCAV (EROSN & SEDMT CONT, IN VEH)",CY,60.0,50.0000000000000000,50.0000000000000000,1
506-7028,"EMBANK (EROSN & SEDMT CONT, IN VEH)",CY,60.0,50.0000000000000000,50.0000000000000000,1
506-7034,CONSTRUCTION PERIMETER FENCE,LF,5353.0,2.7059592751728003,11.6666666666666667,3
506-7035,SANDBAGS FOR EROSION CONTROL,EA,126.0,25.2222222222222222,18.0000000000000000,2
506-7039,TEMP SEDMT CONT FENCE (INSTALL),LF,174680.0,2.6156601442637967,3.9109000000000000,30
506-7040,TEMP SDMT CONT FENCE (INLET PROTECTION),LF,9500.0,5.1125473684210526,11.0600000000000000,2
506-7041,TEMP SEDMT CONT FENCE (REMOVE),LF,184180.0,0.84111887284178521012,1.2659000000000000,30
506-7042,"BIODEG EROSN CONT LOGS (INSTL) (6"")",LF,1405.0,14.5205693950177936,14.5400000000000000,2
506-7043,"BIODEG EROSN CONT LOGS (INSTL) (8"")",LF,22893.0,4.4025602585943301,5.6122222222222222,18
506-7044,"BIODEG EROSN CONT LOGS (INSTL) (12"")",LF,9399.0,7.6219768060431961,9.8158333333333333,12
506-7046,BIODEG EROSN CONT LOGS (REMOVE),LF,33687.0,1.4536026954017870,1.9516000000000000,25
5071-7001,REMOVE AND REPLACE LANDSCAPE FENCE,LF,59.0,100.0000000000000000,100.0000000000000000,1
5082-7001,STORMWATER PUMP STATION,EA,1.0,13443882.750000000000,13443882.750000000000,1
5085-7001,RAILROAD TRACK CONSTRUCTION,LS,1.0,3800000.000000000000,3800000.000000000000,1
508-7001,CONSTRUCTING DETOURS,SY,5886.0,119.0517516139993204,132.3800000000000000,5
508-7003,CONSTRUCTING DETOURS (TY1),SY,39006.0,90.0000000000000000,90.0000000000000000,1
508-7004,CONSTRUCTING DETOURS (TY2),SY,1489.0,48.0000000000000000,48.0000000000000000,1
5087-7001,PVC COATED NON-SCALABLE FENCE PANELS,SF,17186.0,8.5100000000000000,8.5100000000000000,1
510-7001,ONE-WAY TRAF CONT (FLAGGER CONT),HR,430.0,37.7906976744186047,55.0000000000000000,2
510-7002,ONE-WAY TRAF CONT (PILOT CAR),HR,60.0,75.0000000000000000,75.0000000000000000,1
510-7003,ONE-WAY TRAF CONT (PORT TRAF SIG),MO,2.0,4500.0000000000000000,4500.0000000000000000,1
512-7001,PORT CTB (FUR & INST)(SGL SLOPE)(TY 1),LF,29820.0,58.4705130784708249,69.3033333333333333,3
512-7009,PORT CTB (FUR & INST)(LOW PROF)(TY 1),LF,3820.0,19.6233298429319372,32.5592000000000000,5
512-7010,PORT CTB (FUR & INST)(LOW PROF)(TY 2),LF,242.0,29.0890082644628099,32.5452000000000000,5
512-7013,PORT CTB (DES SOURCE)(SGL SLP)(TY 1),LF,89413.0,14.7779385547962824,19.7150000000000000,8
512-7021,PORT CTB (DES SOURCE)(LOW PROF)(TY 1),LF,41646.0,10.0051625606300725,12.0580000000000000,5
512-7022,PORT CTB (DES SOURCE)(LOW PROF)(TY 2),LF,900.0,11.4386666666666667,14.2160000000000000,5
512-7025,PORT CTB (MOVE)(SGL SLP)(TY 1),LF,131597.0,9.1598480208515392,7.0985714285714286,7
512-7033,PORT CTB (MOVE)(LOW PROF)(TY 1),LF,43615.0,7.7050235010890749,8.2985714285714286,7
512-7034,PORT CTB (MOVE)(LOW PROF)(TY 2),LF,1280.0,9.2714062500000000,10.4971428571428571,7
512-7037,PORT CTB (STKPL)(SGL SLP)(TY 1),LF,93469.0,14.1125479035830061,13.8300000000000000,7
512-7045,PORT CTB (STKPL)(LOW PROF)(TY 1),LF,32906.0,9.5461617942016653,10.2000000000000000,2
512-7046,PORT CTB (STKPL)(LOW PROF)(TY 2),LF,560.0,10.2285714285714286,15.2000000000000000,2
512-7049,PORT CTB (REMOVE)(SGL SLP)(TY 1),LF,15000.0,9.7700000000000000,7.5000000000000000,2
512-7057,PORT CTB (REMOVE)(LOW PROF)(TY 1),LF,12440.0,10.0615273311897106,10.9157142857142857,7
512-7058,PORT CTB (REMOVE)(LOW PROF)(TY 2),LF,582.0,15.9793814432989691,16.7642857142857143,7
512-7063,PORT CTB (MOVE)(SAFETY SH)(TY 2),LF,120.0,8.0000000000000000,8.0000000000000000,1
512-7070,PORT CTB (CONNECTION HARDWARE),EA,2380.0,83.2100168067226891,70.5520000000000000,5
512-7071,PORT CTB (PINNING),EA,1003.0,21.4955134596211366,270.0000000000000000,2
512-7108,PORT CTB (ALIGNING),LF,10620.0,4.1337099811676083,8.1250000000000000,4
514-7001,PERM CTB (SGL SLOPE) (TY 1) (42 ),LF,41517.0,65.2000000000000000,65.2000000000000000,1
514-7002,PERM CTB (SGL SLOPE) (TY 3) (42 ),LF,160.0,325.0000000000000000,325.0000000000000000,1
514-7004,PERM CTB (SGL SLOPE)(42)(MOD),LF,776.0,294.3000000000000000,294.3000000000000000,1
514-7038,PERM CTB (TRAN SSCB TO SSTR) (MOD),LF,1800.0,470.3000000000000000,470.3000000000000000,1
514-7041,PERM CTB (SGL SLOPE)(TY 1)(TRANSITION),LF,400.0,25.0000000000000000,25.0000000000000000,1
514-7053,PERM CTB (SGL SLOPE)(TY 1)(SPECIAL),LF,18544.0,283.3000000000000000,283.3000000000000000,1
527-7003,"COLORED TEXTURED CONC (6"")",SY,41.0,165.0000000000000000,165.0000000000000000,1
528-7001,LANDSCAPE PAVERS,SY,67.0,150.0000000000000000,150.0000000000000000,1
528-7003,REMOVE AND RELAY PAVERS,SY,2557.0,31.0602737583105201,144.7640000000000000,2
529-7002,CONC CURB (TY II),LF,3636.0,16.3787568756875688,40.9311111111111111,9
529-7006,CONC CURB (MONO) (TY I),LF,967.0,4.3811995863495346,4.3650000000000000,2
529-7007,CONC CURB (MONO) (TY II),LF,82801.0,5.3285671670631997,13.8512500000000000,8
529-7008,CONC CURB & GUTTER (TY I),LF,219.0,24.2100000000000000,24.2100000000000000,1
529-7009,CONC CURB & GUTTER (TY II),LF,121.0,37.6200000000000000,37.6200000000000000,1
529-7012,CONC CURB (DOWELED),LF,1502.0,31.2950665778961385,42.4220000000000000,5
529-7013,CONC CURB (SLOTTED),LF,2049.0,5.4521229868228404,5.8666666666666667,3
529-7014,CONC CURB (DOWEL),LF,3696.6,31.3332170102256127,52.6816666666666667,6
529-7020,CONC CURB U-TURN,LF,200.0,44.0000000000000000,44.0000000000000000,1
529-7022,CONC CURB (TY F3),LF,800.0,218.0000000000000000,218.0000000000000000,1
529-7026,CONC CURB (DOWEL)(SLOTTED),LF,1440.0,49.5138888888888889,38.3333333333333333,3
530-7002,INTERSECTIONS (ACP),SY,182.0,35.0000000000000000,35.0000000000000000,1
530-7006,DRIVEWAYS (CONC),SY,1367.0,108.3073152889539137,110.0750000000000000,4
530-7007,DRIVEWAYS (CONC) (HES),SY,2672.0,84.1000000000000000,84.1000000000000000,1
530-7010,DRIVEWAYS (ACP),SY,3107.0,70.4173093015770840,100.6340000000000000,5
530-7018,TURNOUTS (ACP),SY,683.0,85.0000000000000000,85.0000000000000000,1
531-7001,"CONC SIDEWALKS (4"")",SY,3255.0,72.8439631336405530,65.2825000000000000,4
531-7002,"CONC SIDEWALKS (5"")",SY,30986.0,60.1207335570902988,141.6915555555555556,9
531-7003,"CONC SIDEWALKS (6"")",SY,21050.0,75.0728776247030879,89.5215000000000000,8
531-7005,CURB RAMPS (TY 1),EA,25.0,2078.2640000000000000,1951.3200000000000000,5
531-7006,CURB RAMPS (TY 2),EA,3.0,3000.0000000000000000,3000.0000000000000000,1
531-7007,CURB RAMPS (TY 3),EA,3.0,2526.1333333333333333,2694.6000000000000000,2
531-7008,CURB RAMPS (TY 5),EA,8.0,3625.0000000000000000,3625.0000000000000000,4
531-7009,CURB RAMPS (TY 6),EA,1.0,4500.0000000000000000,4500.0000000000000000,1
531-7010,CURB RAMPS (TY 7),EA,21.0,3533.3714285714285714,3541.7000000000000000,4
531-7011,CURB RAMPS (TY 10),EA,2.0,2329.5500000000000000,2329.5500000000000000,2
531-7013,CURB RAMPS (TY 21),EA,8.0,2948.3250000000000000,2779.5750000000000000,4
531-7014,CURB RAMPS (TY 22),EA,4.0,5000.0000000000000000,5000.0000000000000000,1
531-7020,CURB RAMPS (TY 7),SY,18.0,164.7000000000000000,164.7000000000000000,1
531-7027,FIXED BOLLARD,EA,8.0,292.3000000000000000,292.3000000000000000,1
531-7031,CURB RAMPS (TY 5) (MOD),EA,1.0,3000.0000000000000000,3000.0000000000000000,1
533-7001,MILL RUMBLE STRIPS (ASPHALT) (SHLDR),LF,501568.0,0.23955964096593084088,0.33875000000000000000,8
533-7002,MILL RUMBLE STRIPS (ASPH) (CENTERLINE),LF,250843.0,0.29728124763298158609,0.48750000000000000000,8
533-7003,MILL RUMBLE STRIPS (CONC) (SHLDR),LF,150366.0,0.67714775946690076214,10.3150000000000000,2
533-7004,MILL RUMBLE STRIPS (CONC) (CENTERLINE),LF,75000.0,0.63000000000000000000,0.63000000000000000000,1
533-7005,FILL MILLED ASPH RUMBLE STRIPS (SHLDR),LF,10600.0,3.6000000000000000,3.6000000000000000,1
536-7002,CONC MEDIAN,SY,11549.0,52.7197419690016452,88.4000000000000000,3
538-7001,RIGHT OF WAY MARKERS,EA,3.0,1134.5300000000000000,1134.5300000000000000,1
540-7001,MTL W-BEAM GD FEN (TIM POST),LF,26460.0,28.3444293272864701,28.2706666666666667,30
540-7002,MTL W-BEAM GD FEN (STEEL POST),LF,4275.0,33.7192982456140351,31.3666666666666667,3
540-7005,MTL BEAM GD FEN TRANS (THRIE-BEAM),EA,126.0,1842.8738095238095238,2019.5666666666666667,18
540-7006,MTL BEAM GD FEN TRANS (TL2),EA,30.0,1288.4113333333333333,1491.5850000000000000,4
540-7013,"SHORT RADIUS (28"")",LF,517.5,53.2420289855072464,58.1533333333333333,3
540-7014,DRIVEWAY TERMINAL ANCHOR SECTION,EA,12.0,1814.3591666666666667,1686.7766666666666667,3
540-7015,DOWNSTREAM ANCHOR TERMINAL SECTION,EA,185.0,1384.5702702702702703,1462.1337037037037037,27
540-7018,MTL W - BEAM GD FEN (LOW FILL CULVERT),LF,225.0,106.5555555555555556,115.0000000000000000,3
540-7019,MTL THRIE-BEAM GD FEN (TIM POST),EA,4.0,2050.0000000000000000,2050.0000000000000000,1
540-7027,MTL BM GD FEN (LONG SPAN SYSTEM),EA,9.0,857.5111111111111111,889.7000000000000000,2
540-7028,"MTL BM GD FEN TRANS (31""-28"")",EA,4.0,1200.0000000000000000,1200.0000000000000000,1
540-7037,"TL-2 31"" SHORT RADIUS (W/O DAT)",EA,3.0,15386.590000000000,15386.5900000000000000,1
540-7041,TERMINAL ANCHOR SECTION,EA,1.0,1000.0000000000000000,1000.0000000000000000,1
542-7001,REMOVE METAL BEAM GUARD FENCE,LF,30395.91,4.1596440442151592,6.0954545454545455,22
542-7002,REMOVE TERMINAL ANCHOR SECTION,EA,95.0,245.0642105263157895,245.5865000000000000,20
542-7003,REMOVE DOWNSTREAM ANCHOR TERMINAL,EA,70.0,273.1000000000000000,203.1428571428571429,7
542-7004,RM MTL BM GD FENCE TRANS (THRIE-BEAM),EA,77.0,372.0129870129870130,286.2500000000000000,6
542-7006,RM MTL BM GD FENCE TRANS (TL-2),EA,16.0,186.2500000000000000,124.3333333333333333,3
543-7017,CABLE BARRIER TERM SEC (INSTL)(TL-3),EA,1.0,5100.0000000000000000,5100.0000000000000000,1
543-7037,CABLE BARRIER (REMOVE),LF,61842.51,4.6000000000000000,4.6000000000000000,1
543-7038,CABLE BARRIER TERMINAL SECTION (REMOVE),EA,70.0,397.8000000000000000,397.8000000000000000,1
544-7001,GUARDRAIL END TREATMENT (INSTALL),EA,383.0,2272.7504699738903394,3093.1141176470588235,34
544-7002,GUARDRAIL END TREATMENT (MOVE & RESET),EA,1.0,500.0000000000000000,500.0000000000000000,1
544-7003,GUARDRAIL END TREATMENT (REMOVE),EA,263.0,304.2562737642585551,370.6450000000000000,20
545-7001,CRASH CUSH ATTEN (DES SOURCE),EA,2.0,2600.0000000000000000,2600.0000000000000000,1
545-7002,CRASH CUSH ATTEN (MOVE & RESET),EA,27.0,2374.0740740740740741,2950.0000000000000000,5
545-7003,CRASH CUSH ATTEN (STKPL),EA,2.0,1000.0000000000000000,1000.0000000000000000,1
545-7004,CRASH CUSH ATTEN (REMOVE),EA,104.0,1009.0865384615384615,1241.6666666666666667,9
545-7006,CRASH CUSH ATTEN (INSTL)(L)(N)(TL3),EA,83.0,22740.602409638554,25677.125000000000,8
545-7008,CRASH CUSH ATTEN (INSTL)(L)(W)(TL3),EA,7.0,33200.000000000000,33200.000000000000,1
545-7009,CRASH CUSH ATTEN (INSTL)(R)(N)(TL2),EA,2.0,19578.420000000000,19578.4200000000000000,1
545-7010,CRASH CUSH ATTEN (INSTL)(R)(N)(TL3),EA,2.0,30000.000000000000,30000.000000000000,1
545-7013,CRASH CUSH ATTEN (INSTL)(S)(N)(TL2),EA,2.0,18900.000000000000,18900.0000000000000000,1
545-7014,CRASH CUSH ATTEN (INSTL)(S)(N)(TL3),EA,12.0,7888.5833333333333333,8081.5000000000000000,2
545-7018,CCA (INSTL)(N)(TL3)(WORK ZONE),EA,17.0,14174.117647058824,17658.750000000000,4
545-7020,CCA (INSTL)(W)(TL3)(WORK ZONE),EA,24.0,1500.0000000000000000,1500.0000000000000000,1
550-7001,CHAIN LINK FENCE (INSTALL) (6'),LF,3184.0,37.0495615577889447,34.9543333333333333,6
550-7002,CHAIN LINK FENCE (REPAIR) (6'),LF,150.0,15.0000000000000000,15.0000000000000000,1
550-7005,CHAIN LINK FENCE (INSTALL) (8'),LF,688.0,30.8992151162790698,43.5633333333333333,3
550-7006,CHAIN LINK FENCE (REPAIR) (8'),LF,400.0,20.0000000000000000,20.0000000000000000,1
550-7007,CHAIN LINK FENCE (REMOVE),LF,4721.0,11.7737089599661089,12.9257142857142857,7
550-7009,GATE (INSTALL) (DOUBLE) (6' X 14'),EA,1.0,1500.0000000000000000,1500.0000000000000000,1
550-7010,GATE (REPAIR) (DOUBLE) (6' X 14'),EA,1.0,1500.0000000000000000,1500.0000000000000000,1
550-7014,GATE (INSTALL)(6'X10'),EA,3.0,404.5730000000000000,404.5730000000000000,1
550-7016,GATE (REMOVE),EA,2.0,1425.0000000000000000,1425.0000000000000000,1
550-7017,REMOVE AND INSTALL EXISTING GATE,EA,12.0,1625.0000000000000000,3175.0000000000000000,2
550-7020,GATE (DOUBLE) (6FT X 12 FT),EA,2.0,2000.0000000000000000,2000.0000000000000000,1
552-7001,WIRE FENCE (TY A),LF,118.0,19.5400000000000000,19.5400000000000000,1
552-7011,WIRE FENCE (REMOVE),LF,132.0,1.00000000000000000000,1.00000000000000000000,1
556-7006,"PIPE UNDERDRAINS (TY 6) (6"")",LF,4742.0,21.6824124841838887,23.9500000000000000,2
556-7008,"PIPE UNDERDRAINS (TY 8) (6"")",LF,1950.0,35.0000000000000000,35.0000000000000000,1
556-7011,"PIPE UNDERDRAINS (TY 8)(8"")",LF,730.0,128.0000000000000000,128.0000000000000000,1
560-7002,MAILBOX INSTALL-S (TWG-POST) TY 2,EA,3.0,507.9200000000000000,507.9200000000000000,1
560-7008,MAILBOX INSTALL-S (TWW-POST) TY 4,EA,473.0,449.3234672304439746,328.0000000000000000,5
560-7009,MAILBOX INSTALL-D (TWW-POST) TY 4,EA,97.0,97.8865979381443299,366.2500000000000000,4
560-7010,MAILBOX INSTALL-M (TWW-POST) TY 4,EA,119.0,146.3445378151260504,538.7500000000000000,4
560-7012,RELOCATE EXISTING MAILBOX,EA,14.0,428.5714285714285714,450.0000000000000000,2
6004-7002,INSTALL DMS (FOUNDATION MTD CABINET),EA,6.0,10484.7800000000000000,9749.8600000000000000,3
6006-7001,VIVDS PROSR SYS,EA,15.0,13540.000000000000,13225.000000000000,4
6006-7002,VIVDS CAM ASSY FXD LNS,EA,47.0,3476.1702127659574468,3163.3333333333333333,3
6006-7003,VIVDS CAM ASSY VAR LNS,EA,17.0,3600.0000000000000000,3600.0000000000000000,1
6006-7005,VIVDS CNTRL SOFTWARE,EA,4.0,980.0000000000000000,980.0000000000000000,4
6006-7006,VIVDS TEMPORARY,EA,1.0,13649.0000000000000000,13649.0000000000000000,1
6006-7007,VIVDS CABLING,LF,14155.0,3.4013422818791946,3.3200000000000000,5
6006-7012,VIVDS CABLING (INSTALL ONLY),LF,1550.0,0.90000000000000000000,0.90000000000000000000,1
6006-7018,VIVDS CAM ASSY (REMOVE),EA,4.0,550.0000000000000000,550.0000000000000000,1
6006-7020,VIVDS CABLING (REMOVE),LF,2172.0,1.6445672191528545,2.2000000000000000,2
6007-7001,BBU SYSTEM (EXTERNAL BATTERY CABINET),EA,14.0,9871.0714285714285714,9539.5000000000000000,5
6007-7003,REPLACE BBU BATTERIES,EA,4.0,1797.4400000000000000,1797.4400000000000000,1
6008-7001,RVDS (PRESENCE DETECTION ONLY),EA,41.0,6659.1536585365853659,6556.5800000000000000,5
6008-7002,RVDS (ADVANCE DETECTION ONLY),EA,24.0,6460.7666666666666667,6343.7200000000000000,5
6008-7005,RVDS (ADVANCE DET)(INSTALL ONLY),EA,2.0,3000.3000000000000000,3000.3000000000000000,1
6008-7008,REMOVE RVDS,EA,2.0,763.3000000000000000,763.3000000000000000,1
6008-7009,RADAR PRESENCE DETECTOR COMM CABLE,LF,3650.0,2.7800000000000000,2.7800000000000000,1
6009-7001,SYSTEM INTEGRATION,LS,3.0,5142.1433333333333333,5142.1433333333333333,3
6010-7002,ITS RVSD SYSTEM (DATA COLLECTION ONLY),EA,16.0,10099.4312500000000000,9893.7450000000000000,4
6011-7001,ITS POLE (55 FT)(90 MPH),EA,1.0,18110.0000000000000000,18110.0000000000000000,1
6011-7002,ITS POLE MNT CAB (TY 2)(CONF 2),EA,2.0,7874.0000000000000000,7874.0000000000000000,2
6011-7011,ITS POLE MNT CAB (TY 2) (CONF 2),EA,1.0,6671.0000000000000000,6671.0000000000000000,1
6011-7018,ITS POLE (40 FT)(REM),EA,1.0,1425.0000000000000000,1425.0000000000000000,1
6011-7027,ITS POLE (55 FT)(110 MPH),EA,17.0,21385.374117647059,21214.640000000000,3
6011-7028,ITS POLE MNTD CAB (TY 2)(CONF 1),EA,27.0,6139.6444444444444444,6099.8966666666666667,3
6013-7004,GROUND BOX (INSTALL),EA,12.0,4406.2400000000000000,4406.2400000000000000,1
6013-7006,GROUND BOX (PREPARE),EA,99.0,296.2636363636363636,540.0475000000000000,4
6013-7007,GROUND BOX (ADJUST),EA,2.0,325.0000000000000000,325.0000000000000000,1
6017-7015,VIDEO IMAGING AND RADAR DETECTOR,EA,65.0,6239.4300000000000000,6239.4300000000000000,1
6017-7016,VIDEO IMAGING AND RADAR SET-UP SYS,EA,16.0,518.4700000000000000,518.4700000000000000,1
6017-7017,VID IMAGE AND RADAR COM CABLE (COAX),LF,12215.0,1.7100000000000000,1.71000000000000000000,1
6017-7018,VID IMAGE AND RADAR DET PROCESSOR SYS,EA,16.0,12221.550000000000,12221.5500000000000000,1
6018-7002,CCTV FIELD EQUIPMENT (DIGITAL),EA,44.0,6982.4613636363636364,6209.7240000000000000,5
6018-7003,CCTV MOUNT (POLE),EA,17.0,444.6847058823529412,378.2700000000000000,2
6018-7005,CCTV FIELD EQUIPMENT (DIGITAL),EA,1.0,7942.0000000000000000,7942.0000000000000000,1
6018-7008,REMOVE CCTV FIELD EQUIPMENT,EA,1.0,1400.0000000000000000,1400.0000000000000000,1
6018-7009,CCTV MOUNT (MAST),EA,11.0,431.1918181818181818,569.1250000000000000,2
6018-7012,CTMS RELOCATION (HUB BLDG),EA,1.0,3360.0000000000000000,3360.0000000000000000,1
6019-7001,REMOVE HIGH MAST LIGHTING ASSEMBLY,EA,42.0,2653.4190000000000000,2653.4190000000000000,1
6019-7002,RELOCATE HIGH MAST LIGHTING ASSEMBLY,EA,2.0,11821.0000000000000000,11821.0000000000000000,1
6027-7001,FIBER OPTIC CBL (SINGLE-MODE)(12 FIBER),LF,80910.0,1.2267080706958349,2.0700000000000000,6
6027-7002,FIBER OPTIC CBL (SINGLE-MODE)(36 FIBER),LF,177035.0,2.0291611828169571,1.9833333333333333,3
6027-7003,FO SPLICE ENCLOSURE (TYPE 2),EA,10.0,2615.3600000000000000,2615.3600000000000000,1
6027-7004,FIBER OPTIC FUSION SPLICE,EA,1296.0,47.7580555555555556,69.7866666666666667,6
6027-7005,FIBER OPTIC PATCH PANEL (12 POSITION),EA,73.0,1265.9235616438356164,1803.9550000000000000,6
6027-7006,FIBER OPTIC CBL(SINGLE-MODE)(144 FIBER),LF,135679.0,2.8267642745008439,3.7000000000000000,4
6027-7007,FIBER OPTIC PATCH PANEL (36 POSITIONS),EA,5.0,2119.3660000000000000,1897.0750000000000000,2
6027-7008,FIBER OPTIC PATCH PANEL (144 POSITIONS),EA,9.0,2045.9733333333333333,2121.5750000000000000,2
6027-7009,FO SPLICE ENCLOSURE (TYPE 1),EA,32.0,1353.3362500000000000,2375.2933333333333333,3
6027-7011,FIBER OPTIC CBL (SINGLE-MODE)(6 FIBER),LF,93942.0,1.3939879925911733,1.3750000000000000,4
6027-7012,FIBER OPTIC PATCH PANEL (6 POSITION),EA,4.0,1010.6300000000000000,1010.6300000000000000,1
6027-7013,FIBER OPTIC CBL (SNGL-MODE)(48 FIBER),LF,420.0,4.7400000000000000,4.7400000000000000,1
6027-7014,FIBER OPTIC CBL (SNGL-MODE)(72 FIBER),LF,3386.0,7.5800000000000000,7.5800000000000000,1
6027-7018,REMOVE FIBER OPTIC CABLE,LF,11269.0,0.60000000000000000000,0.60000000000000000000,1
6027-7019,FIBER OPTIC CBL (SING-MODE)(24 FIBER),LF,925.0,3.8900000000000000,3.8900000000000000,1
6027-7020,FO CBL (12 SMF)(PIGTAIL),LF,3230.0,7.2379876160990712,8.3533333333333333,3
6027-7023,RELOCATE FIBER OPTIC CABLE,LF,70.0,2.0000000000000000,2.0000000000000000,1
6027-7029,FO CBL (96 SMF),LF,23790.0,5.5569356872635561,5.5500000000000000,2
6028-7001,WIRELESS WWD SYSTEM,EA,1.0,13871.0000000000000000,13871.0000000000000000,1
6029-7001,PREVENTIVE MAINTENANCE,EA,250.0,1000.0000000000000000,1000.0000000000000000,1
6029-7002,LED RDWY LUMINAIRE (.25KW EQ),EA,100.0,350.0000000000000000,350.0000000000000000,1
6029-7017,"REPL 12"" LED TRF SIG LAMP UNIT(RED)",EA,13.0,100.0000000000000000,100.0000000000000000,1
6029-7018,"REPL 12"" LED TRF SIG LAMP UNIT(AMBER)",EA,13.0,100.0000000000000000,100.0000000000000000,1
6029-7019,"REPL 12"" LED TRF SIG LAMP UNIT(GREEN)",EA,13.0,100.0000000000000000,100.0000000000000000,1
6029-7020,"REPL 12""LED TRF SIG LAMP UNIT(GRN ARW)",EA,13.0,100.0000000000000000,100.0000000000000000,1
6029-7021,"REPL 12""LED TRF SIG LAMP UNIT(AMB ARW)",EA,13.0,100.0000000000000000,100.0000000000000000,1
6029-7022,"REPL 12""LED TRF SIG LAMP UNIT(RED ARW)",EA,13.0,100.0000000000000000,100.0000000000000000,1
6029-7023,"PED SIG SEC (12"")(2 IND)(HOUSING ONLY)",EA,81.0,150.0000000000000000,150.0000000000000000,1
6029-7024,LED COUNTDOWN PEDESTRIAN MODULE,EA,81.0,150.0000000000000000,150.0000000000000000,1
6029-7032,PREVENTIVE MAINT OF CONTROLLER CABINET,EA,250.0,250.0000000000000000,250.0000000000000000,1
6029-7033,SOLDER AND WEATHERPROOF WIRE SPLICE,EA,1753.0,25.0427837992013691,37.5000000000000000,2
6038-7001,INSTALL WRONG WAY DRIVER DETECTION SYS,EA,1.0,52775.000000000000,52775.000000000000,1
6038-7003,REMOVE WRONG WAY DRIVER DETECTION SYS,EA,1.0,2500.0000000000000000,2500.0000000000000000,1
6043-7001,SPREAD SPECTRUM RADIO,EA,5.0,3121.6800000000000000,3338.5500000000000000,2
6043-7002,COAXIAL CABLE,LF,490.0,5.5451020408163265,7.3700000000000000,2
6043-7003,ANTENNA (UNI-DIRECTIONAL),EA,2.0,1099.5300000000000000,1099.5300000000000000,1
6043-7004,ANTENNA(OMNI-DIRECTIONAL),EA,2.0,932.4200000000000000,932.4200000000000000,1
6050-7003,INSTALL GND MT COMM CABINET FOUNDATION,EA,1.0,4520.0000000000000000,4520.0000000000000000,1
6050-7009,ITS GRND MNT CAB (TY 6)(CONF 2),EA,5.0,13177.184000000000,13333.3500000000000000,2
6053-7001,COMMUNICATIONS HUB BUILDING,EA,5.0,34187.082000000000,34467.705000000000,2
6064-7002,"PREFB PV MK W/WNTY TY B (W)(6"")(SLD)",LF,179382.0,4.9300000000000000,4.9300000000000000,1
6064-7003,"PREFB PV MK W/WNTY TY B(W)6""(BRK)CNTST",LF,426536.0,10.8903678001387925,11.5950000000000000,4
6065-7001,"MLTPLY PV MK W/WTY (W) (6"") (SLD)",LF,849168.0,0.59552361841237540746,0.62750000000000000000,8
6065-7002,"MLTPLY PV MK W/WTY (W) (6"") (BRK)",LF,320888.0,0.73012203634913116103,0.72857142857142857143,7
6065-7003,"MLTPLY PV MK W/WTY (W) (6"") (DOT)",LF,12522.0,1.22235665229196613959,1.3316666666666667,6
6065-7004,"MLTPLY PV MK W/WTY (Y) (6"") (SLD)",LF,748749.0,0.59623516024729248386,0.62750000000000000000,8
6065-7005,"MLTPLY PV MK W/WTY (Y) (6"") (BRK)",LF,43048.0,0.72909310537074893143,0.73500000000000000000,2
6065-7007,"MLTPLY PV MK W/WTY (W) (8"") (SLD)",LF,344770.0,1.01294352756910404037,1.01428571428571428571,7
6065-7009,"MLTPLY PV MK W/WTY (W) (8"") (DOT)",LF,5723.0,1.3569718679014503,1.2975000000000000,4
6065-7010,"MLTPLY PV MK W/WTY (Y) (8"") (SLD)",LF,15187.0,1.21811154276684006058,1.23500000000000000000,4
6071-7001,ALUMINUM ELECTRICAL COND (#4 XHHW),LF,100000.0,2.0000000000000000,2.0000000000000000,1
6072-7001,REMOVE EXISTING CABLES (POWER),LF,590.0,1.1500000000000000,1.15000000000000000000,1
6074-7001,REPAIR LARGE RDSD SIGN SUPT & ASSEM,EA,50.0,1000.0000000000000000,1000.0000000000000000,1
6074-7002,RELOCATE LARGE RDSD SIGN SUPT & ASSEM,EA,50.0,25.0000000000000000,25.0000000000000000,1
6074-7003,REPLACE LARGE RDSD SIGN SUPT & ASSEM,EA,50.0,2000.0000000000000000,2000.0000000000000000,1
6074-7004,REMOVE LARGE RDSD SIGN SUPT & ASSEM,EA,10.0,15.0000000000000000,15.0000000000000000,1
6076-7001,REPAIR SMALL RDSD SIGN SUPT & ASSEM,EA,600.0,350.0000000000000000,350.0000000000000000,1
6076-7002,RELOCATE SMALL RDSD SIGN SUPT & ASSEM,EA,50.0,25.0000000000000000,25.0000000000000000,1
6076-7003,REPLACE SMALL RDSD SIGN SUPT & ASSEM,EA,600.0,550.0000000000000000,550.0000000000000000,1
6076-7004,REMOVE SMALL RDSD SIGN SUPT & ASSEM,EA,150.0,10.0000000000000000,10.0000000000000000,1
6085-7001,LIGHTNING PROTECTION SYSTEM,EA,1.0,20424.800000000000,20424.800000000000,1
610-7002,RELOCATE RD IL ASM (SHOE-BASE),EA,2.0,1471.0000000000000000,1471.0000000000000000,1
610-7004,RELOCATE RD IL ASM (TRANS-BASE),EA,9.0,1437.0000000000000000,1577.0000000000000000,2
610-7007,REMOVE RD IL ASM (SHOE-BASE),EA,3.0,567.2600000000000000,567.2600000000000000,1
610-7009,REMOVE RD IL ASM (TRANS-BASE),EA,105.0,520.0325714285714286,480.0025000000000000,4
610-7010,REMOVE RD IL ASM (U/P),EA,75.0,100.0000000000000000,100.0000000000000000,1
610-7012,REPLACE LUMINAIRE W/(250W EQ) LED,EA,25.0,500.0000000000000000,500.0000000000000000,1
610-7014,IN RD IL (U/P) (TY 1) (150W EQ) LED,EA,45.0,3839.7137777777777778,2355.8533333333333333,3
610-7015,IN RD IL (U/P) (TY 1) (250W EQ) LED,EA,4.0,1694.8500000000000000,1694.8500000000000000,1
610-7016,IN RD IL (U/P) (TY 2) (150W EQ) LED,EA,16.0,4200.0000000000000000,4200.0000000000000000,1
610-7018,IN RD IL (TY SA) 20B-4 (150W EQ) LED,EA,2.0,5105.3800000000000000,5105.3800000000000000,1
610-7073,IN RD IL (TY SA) 30T-8-8 (250W EQ) LED,EA,1.0,7500.0000000000000000,7500.0000000000000000,1
610-7100,IN RD IL (TY SP) 38S-8 (250W EQ) LED,EA,2.0,5384.0000000000000000,5384.0000000000000000,1
610-7124,IN RD IL (TY SA) 40T-8 (250W EQ) LED,EA,75.0,4725.3333333333333333,4937.5000000000000000,2
610-7125,IN RD IL (TY SA) 40T-8-8 (250W EQ) LED,EA,183.0,4800.0000000000000000,4800.0000000000000000,1
610-7132,IN RD IL (TY AL) 40S-8 (250W EQ) LED,EA,11.0,6121.0600000000000000,6121.0600000000000000,1
610-7140,IN RD IL (TY AL) 40T-8 (250W EQ) LED,EA,6.0,5995.0000000000000000,5995.0000000000000000,1
610-7164,IN RD IL (TY ST) 40T-8 (250W EQ) LED,EA,3.0,5331.9600000000000000,5331.9600000000000000,1
610-7198,IN RD IL (TY SA) 50T-10 (400W EQ) LED,EA,345.0,4220.6666666666666667,4240.0000000000000000,2
610-7200,IN RD IL (TY SA) 50T-12 (400W EQ) LED,EA,8.0,5675.0000000000000000,5675.0000000000000000,1
6109-7003,INSTAL OF PULL BOXES,EA,75.0,800.0000000000000000,800.0000000000000000,1
6109-7005,LOOP LEAD-IN CABLE,LF,75000.0,1.00000000000000000000,1.00000000000000000000,1
6109-7008,JACKING AND BORING,LF,5000.0,15.0000000000000000,15.0000000000000000,1
6109-7009,TRENCHING AND INSTAL OF CONDUIT,LF,6000.0,10.0000000000000000,10.0000000000000000,1
6109-7010,SAW CUT (ASPHALT),LF,35000.0,6.0000000000000000,6.0000000000000000,1
6109-7011,SAW CUT (CONCRETE),LF,35000.0,8.0000000000000000,8.0000000000000000,1
613-7006,HI MST IL POLE (150 FT)(100 MPH),EA,28.0,50673.760000000000,50673.760000000000,1
613-7008,HI MST IL POLE (175 FT)(100 MPH),EA,33.0,69346.049000000000,69346.049000000000,1
614-7002,LED HI MST IL ASM (6 FIXT) (TY A),EA,1.0,8115.0000000000000000,8115.0000000000000000,1
614-7003,LED HI MST IL ASM (6 FIXT) (TY B),EA,25.0,36114.954000000000,36114.954000000000,1
614-7009,LED HI MST IL ASM(6 FIXT) (TY A)SHLD,EA,28.0,36945.610000000000,36945.610000000000,1
614-7010,LED HI MST IL ASM(6 FIXT) (TY B)SHLD,EA,8.0,36993.112000000000,36993.112000000000,1
6154-7001,INSTALL VANDALISM PROTECTION PANELS,SF,2800.0,100.0000000000000000,100.0000000000000000,1
6165-7002,BRIDGE MOUNTED ILLUMINATION,EA,29.0,1230.9700000000000000,1230.9700000000000000,1
6165-7003,PARKING LOT ILLUMINATION,EA,4.0,3573.7700000000000000,3573.7700000000000000,1
618-7009,"CONDT (HDPE) (2"")",LF,3313.0,8.1300000000000000,8.1300000000000000,1
618-7010,"CONDT (HDPE) (2"") BORE",LF,252.0,18.0500000000000000,18.0500000000000000,1
618-7030,"CONDT (PVC) (SCH 40) (2"")",LF,2245.0,11.1459910913140312,10.9733333333333333,3
618-7031,"CONDT (PVC) (SCH 40) (2"") (BORE)",LF,40.0,28.3600000000000000,28.3600000000000000,1
618-7036,"CONDT (PVC) (SCH 40) (3"")",LF,15675.0,10.4499106858054226,12.3066666666666667,3
618-7037,"CONDT (PVC) (SCH 40) (3"") (BORE)",LF,350.0,56.4800000000000000,56.4800000000000000,1
618-7038,"CONDT (PVC) (SCH 40) (3"") (CONC ENCSE)",LF,66655.0,14.0160610606856200,23.2533333333333333,3
618-7040,"CONDT (PVC) (SCH 40) (4"")",LF,361.0,20.0000000000000000,20.0000000000000000,1
618-7041,"CONDT (PVC) (SCH 40) (4"") (BORE)",LF,150.0,52.0000000000000000,52.0000000000000000,1
618-7044,"CONDT (PVC) (SCH 40) (6"")",LF,347.0,20.0000000000000000,20.0000000000000000,1
618-7052,"CONDT (PVC) (SCH 80) (1 1/2"")",LF,1119.0,15.6000000000000000,15.6000000000000000,1
618-7053,"CONDT (PVC) (SCH 80) (1 1/2"") (BORE)",LF,2595.0,20.4000000000000000,20.4000000000000000,1
618-7054,"CONDT (PVC) (SCH 80) (2"")",LF,168585.0,6.7351795829996738,12.3866111111111111,18
618-7055,"CONDT (PVC) (SCH 80) (2"") (BORE)",LF,59895.0,14.2677546539777945,19.9856111111111111,18
618-7057,"CONDT (PVC) (SCH 80) (2"") (CONC ENCSE)",LF,146025.0,16.1753107344632768,16.0600000000000000,2
618-7060,"CONDT (PVC) (SCH 80) (3"")",LF,4792.0,19.8224853923205342,21.7844444444444444,9
618-7061,"CONDT (PVC) (SCH 80) (3"") (BORE)",LF,24698.0,31.8925257105838529,39.6162500000000000,8
618-7064,"CONDT (PVC) (SCH 80) (4"")",LF,2970.0,20.9614478114478114,27.9857142857142857,7
618-7065,"CONDT (PVC) (SCH 80) (4"") (BORE)",LF,4982.0,29.4768165395423525,32.2483333333333333,6
618-7070,"CONDT (RM) (3/4"")",LF,1535.0,16.4797068403908795,16.4550000000000000,2
618-7072,"CONDT (RM) (1"")",LF,1585.0,36.2981671924290221,36.2495000000000000,2
618-7078,"CONDT (RM) (2"")",LF,2534.0,33.3240449881610103,31.1785714285714286,7
618-7082,"CONDT (RM) (3"")",LF,950.0,63.7600000000000000,63.7600000000000000,1
618-7088,"CONDT (RM) (6"")",LF,882.0,75.0000000000000000,75.0000000000000000,1
618-7090,CONDUIT (PREPARE),LF,39617.0,4.0196809450488427,3.7407500000000000,8
619-7001,ITS MULTI-DUCT CND (PVC-40),LF,4573.0,34.2080647277498360,33.8800000000000000,2
619-7003,ITS MULTI-DUCT CND (PVC-40)(CONC ENCSE),LF,195760.0,20.5480297302819779,26.7440000000000000,5
619-7005,ITS MULTI-DUCT CND (PVC-80),LF,5398.0,43.8141682104483142,35.0700000000000000,3
619-7006,ITS MULTI-DUCT CND (PVC-80)(BORE),LF,41963.0,43.2311352858470557,49.8466666666666667,6
619-7008,ITS MULTI-DUCT CND (RMC),LF,6278.0,104.2611373048741637,104.6050000000000000,2
620-7002,ELEC CONDR (NO.14) INSULATED,LF,317927.0,0.83253539334501316340,1.07500000000000000000,10
620-7003,ELEC CONDR (NO.12) BARE,LF,1090.0,1.6972477064220183,1.6250000000000000,2
620-7004,ELEC CONDR (NO.12) INSULATED,LF,2180.0,1.7183486238532110,1.6750000000000000,2
620-7007,ELEC CONDR (NO.8) BARE,LF,97243.0,1.8966229959997121,2.0765000000000000,18
620-7008,ELEC CONDR (NO.8) INSULATED,LF,170606.0,2.0327684548022930,2.1188461538461538,13
620-7009,ELEC CONDR (NO.6) BARE,LF,135724.0,1.4893346792019098,1.9469230769230769,13
620-7010,ELEC CONDR (NO.6) INSULATED,LF,255112.0,1.7507629590140801,2.2525000000000000,12
620-7011,ELEC CONDR (NO.4) BARE,LF,4075.0,3.2599631901840491,3.2150000000000000,4
620-7012,ELEC CONDR (NO.4) INSULATED,LF,8805.0,3.5889267461669506,3.7900000000000000,6
620-7020,ELEC CONDR (1/0) INSULATED,LF,130.0,3.0000000000000000,3.0000000000000000,1
620-7022,ELEC CONDR (2/0) INSULATED,LF,3500.0,2.0000000000000000,2.0000000000000000,1
621-7002,TRAY CABLE (3 CONDR) (12 AWG),LF,2155.0,3.9700000000000000,3.9700000000000000,1
621-7006,TRAY CABLE (4 CONDR) (12 AWG),LF,14130.0,3.0114649681528662,3.2916666666666667,6
623-7001,ITS GND BOX(PCAST) TY 1 (243636),EA,3.0,4718.4000000000000000,4718.4000000000000000,1
623-7002,ITS GND BOX(PCAST) TY 1 (243636)W/APRN,EA,487.0,3849.8394661190965092,4384.1450000000000000,8
623-7006,ITS GND BOX(PCAST) TY 1 (243660)W/APRN,EA,11.0,4385.0000000000000000,4385.0000000000000000,1
623-7008,ITS GND BOX(PCAST) TY 2 (366036)W/APRN,EA,2.0,7895.0000000000000000,7895.0000000000000000,1
623-7030,ITS GND BOX TY 1 (362422)W/APRON,EA,3.0,6810.1000000000000000,6810.1000000000000000,1
623-7041,REMOVE ITS GROUND BOX,EA,9.0,475.0000000000000000,475.0000000000000000,1
624-7001,GROUND BOX TY A (122311),EA,118.0,903.4330169491525424,883.3064000000000000,5
624-7002,GROUND BOX TY A (122311)W/APRON,EA,48.0,1232.7243333333333333,1217.2228333333333333,6
624-7006,GROUND BOX TY C (162911)W/APRON,EA,9.0,1794.7777777777777778,1778.5000000000000000,2
624-7007,GROUND BOX TY D (162922),EA,53.0,967.1622641509433962,1004.5500000000000000,4
624-7008,GROUND BOX TY D (162922)W/APRON,EA,191.0,1142.9608376963350785,1390.7133333333333333,12
624-7013,REMOVE GROUND BOX,EA,108.0,231.7437037037037037,412.8055000000000000,8
628-7001,RELOCATE ELECTRICAL SERVICES,EA,26.0,195.9615384615384615,1347.5000000000000000,2
628-7002,REMOVE ELECTRICAL SERVICES,EA,71.0,86.1943661971830986,251.8625000000000000,4
628-7011,ELC SRV TY A 120/240 060(NS)SS(E)TP(O),EA,1.0,8055.1500000000000000,8055.1500000000000000,1
628-7048,ELC SRV TY A 240/480 060(NS)SS(E)SP(O),EA,1.0,8450.0000000000000000,8450.0000000000000000,1
628-7049,ELC SRV TY A 240/480 060(NS)SS(E)SP(U),EA,2.0,7704.1600000000000000,7704.1600000000000000,1
628-7054,ELC SRV TY A 240/480 060(SS)SS(E)GC(O),EA,2.0,9800.0000000000000000,9800.0000000000000000,1
628-7055,ELC SRV TY A 240/480 060(SS)SS(E)GC(U),EA,23.0,6948.1495652173913043,6840.8575000000000000,4
628-7057,ELC SRV TY A 240/480 060(SS)SS(E)SP(O),EA,2.0,9364.5200000000000000,9364.5200000000000000,1
628-7058,ELC SRV TY A 240/480 060(SS)SS(E)SP(U),EA,2.0,7195.0000000000000000,7195.0000000000000000,1
628-7148,ELC SRV TY D 120/240 060(NS)SS(E)SP(O),EA,10.0,8322.1400000000000000,8595.1400000000000000,5
628-7154,ELC SRV TY D 120/240 060(NS)SS(N)PS(U),EA,1.0,15000.0000000000000000,15000.0000000000000000,1
628-7191,ELC SRV TY D 120/240 070(NS)SS(E)SP(O),EA,3.0,7800.0000000000000000,7800.0000000000000000,1
628-7259,ELC SRV TY D 120/240 100(NS)SS(N)SP(O),EA,36.0,6939.3608333333333333,6892.6000000000000000,3
636-7001,ALUMINUM SIGNS (TY A),SF,1376.75,43.8863591792264391,58.3233333333333333,6
636-7002,ALUMINUM SIGNS (TY G),SF,4605.5,35.2271740310498317,39.4200000000000000,5
636-7003,ALUMINUM SIGNS (TY O),SF,2346.00,35.5809835890878090,34.6683333333333333,6
636-7004,REPLACE EXISTING ALUMINUM SIGNS(TY A),SF,1950.0,20.9035384615384615,27.2666666666666667,6
636-7005,REPLACE EXISTING ALUMINUM SIGNS(TY G),SF,4391.25,29.3083062909194421,30.9000000000000000,2
636-7006,REPLACE EXISTING ALUMINUM SIGNS(TY O),SF,69115.75,23.6990172283452035,31.9000000000000000,2
644-7001,IN SM RD SN SUP&AM TY10BWG(1)SA(P),EA,891.0,635.9218406285072952,671.7741666666666667,24
644-7002,IN SM RD SN SUP&AM TY10BWG(1)SA(P-BM),EA,70.0,740.6442857142857143,779.3400000000000000,5
644-7004,IN SM RD SN SUP&AM TY10BWG(1)SA(T),EA,228.0,779.1681140350877193,812.2518750000000000,16
644-7007,IN SM RD SN SUP&AM TY10BWG(1)SA(U),EA,9.0,837.2222222222222222,871.6666666666666667,3
644-7009,IN SM RD SN SUP&AM TY10BWG(1)SB(P),EA,12.0,724.8650000000000000,774.5950000000000000,2
644-7012,IN SM RD SN SUP&AM TY10BWG(1)SB(T),EA,1.0,858.3330000000000000,858.3330000000000000,1
644-7017,IN SM RD SN SUP&AM TY10BWG(2)SA(P),EA,10.0,772.0000000000000000,895.0000000000000000,2
644-7025,IN SM RD SN SUP&AM TYS80(1)SA(P),EA,40.0,800.8875000000000000,855.7000000000000000,5
644-7026,IN SM RD SN SUP&AM TYS80(1)SA(P-BM),EA,2.0,600.0000000000000000,600.0000000000000000,1
644-7028,IN SM RD SN SUP&AM TYS80(1)SA(T),EA,69.0,1116.8028985507246377,1268.9875000000000000,8
644-7031,IN SM RD SN SUP&AM TYS80(1)SA(U),EA,14.0,943.7928571428571429,881.4666666666666667,6
644-7032,IN SM RD SN SUP&AM TYS80(1)SA(U-1EXT),EA,5.0,1223.8000000000000000,1243.0000000000000000,3
644-7033,IN SM RD SN SUP&AM TYS80(1)SA(U-2EXT),EA,2.0,1481.0000000000000000,1481.0000000000000000,2
644-7034,IN SM RD SN SUP&AM TYS80(1)SA(U-BM),EA,7.0,1301.6571428571428571,1246.8000000000000000,2
644-7035,IN SM RD SN SUP&AM TYS80(1)SA(U-WC),EA,3.0,1290.0000000000000000,1290.0000000000000000,1
644-7040,IN SM RD SN SUP&AM TYS80(1)SB(T),EA,4.0,1004.7000000000000000,1004.7000000000000000,1
644-7042,IN SM RD SN SUP&AM TYS80(1)SB(U),EA,2.0,194.0000000000000000,194.0000000000000000,1
644-7048,IN SM RD SN SUP&AM TYS80(2)SA(P),EA,20.0,1400.0000000000000000,1400.0000000000000000,1
644-7049,IN SM RD SN SUP&AM TYS80(2)SA(P-EXAL),EA,2.0,1860.0000000000000000,1860.0000000000000000,2
644-7059,IN SM RD SN SUP&AM TYTWT(1)WP(P),EA,63.0,404.7619047619047619,437.5000000000000000,2
644-7061,IN BRIDGE MNT CLEARANCE SGN ASSM(TY N),EA,45.0,2022.1111111111111111,2658.7500000000000000,4
644-7062,IN BRIDGE MNT CLEARANCE SGN ASSM(TY S),EA,46.0,1223.6956521739130435,1545.0000000000000000,3
644-7063,IN SM RD SN SUP&AM (RAIL MOUNT),EA,2.0,6265.0000000000000000,6265.0000000000000000,2
644-7064,IN SM RD SN SUP&AM (INST SIGN ONLY),EA,15.0,220.0000000000000000,220.0000000000000000,1
644-7065,RELOCATE SM RD SN SUP&AM TY 10BWG,EA,21.0,1590.9619047619047619,1726.7000000000000000,3
644-7067,RELOCATE SM RD SN SUP&AM TY S80,EA,1.0,425.0000000000000000,425.0000000000000000,1
644-7071,RELOCATE SM RD SN SUP&AM(RAIL MOUNT),EA,6.0,2850.0000000000000000,2850.0000000000000000,1
644-7073,REMOVE SM RD SN SUP&AM,EA,732.0,87.7314071038251366,103.7178636363636364,22
644-7075,REMOVE SM RD SN SUP&AM (SIGN ONLY),EA,2.0,35.0000000000000000,35.0000000000000000,1
644-7083,IN SRSS & AM (RAIL)(130 MPH)(P MOUNT),EA,1.0,7125.0000000000000000,7125.0000000000000000,1
644-7087,IN SRSS & AM (RAIL)(130 MPH)(U-BM MNT),EA,1.0,6150.0000000000000000,6150.0000000000000000,1
647-7001,INSTALL LRSS (STRUCT STEEL),LB,35150.8,7.0694369971664941,8.2060000000000000,5
647-7002,RELOCATE LRSA,EA,1.0,5000.0000000000000000,5000.0000000000000000,1
647-7003,REMOVE LRSA,EA,44.0,297.0454545454545455,440.0000000000000000,2
650-7020,INS OH SN SUP(20 FT CANT)(SPAN ONLY),EA,2.0,20801.300000000000,20801.300000000000,1
650-7025,INS OH SN SUP(25 FT CANT),EA,2.0,46819.980000000000,46819.980000000000,1
650-7034,INS OH SN SUP(30 FT CANT)(SPAN ONLY),EA,1.0,24160.000000000000,24160.000000000000,1
650-7035,INS OH SN SUP(35 FT BAL TEE),EA,4.0,51710.275000000000,51570.550000000000,2
650-7038,INS OH SN SUP(35 FT CANT),EA,1.0,29032.900000000000,29032.900000000000,1
650-7041,INS OH SN SUP(35 FT CANT)(SPAN ONLY),EA,3.0,27317.000000000000,27317.000000000000,3
650-7048,INS OH SN SUP(40 FT CANT)(SPAN ONLY),EA,4.0,26718.750000000000,28862.500000000000,2
650-7193,REMOVE OVERHD SIGN SUP,EA,10.0,12912.452000000000,22419.452000000000,5
650-7194,REMOVE OVERHD SIGN SUP (SIGN ONLY),EA,4.0,2612.5000000000000000,2612.5000000000000000,2
650-7196,RELOCATE OVERHD SIGN SUP (SIGN ONLY),EA,1.0,1550.0000000000000000,1550.0000000000000000,1
658-7001,INSTL DEL ASSM (D-SW)SZ 1(WFLX)GF2,EA,500.0,1.00000000000000000000,1.00000000000000000000,1
658-7004,INSTL DEL ASSM (D-SW)SZ 1(WFLX)GND(BI),EA,4.0,85.0000000000000000,85.0000000000000000,1
658-7012,INSTL DEL ASSM (D-SW)SZ 1(BRF)CTB,EA,15996.0,5.5211552888222056,17.0363636363636364,11
658-7013,INSTL DEL ASSM (D-SW)SZ 1(BRF)CTB (BI),EA,318.0,31.3798742138364780,19.3280000000000000,5
658-7014,INSTL DEL ASSM (D-SW)SZ 1(BRF)CTB (BR),EA,1348.0,19.3954005934718101,22.5000000000000000,2
658-7015,INSTL DEL ASSM (D-SW)SZ 1(BRF)GF1,EA,27.0,25.8000000000000000,25.8000000000000000,1
658-7016,INSTL DEL ASSM (D-SW)SZ 1(BRF)GF1 (BI),EA,6.0,17.0500000000000000,17.0500000000000000,1
658-7018,INSTL DEL ASSM (D-SW)SZ 1(BRF)GF2,EA,533.0,32.6837711069418386,35.2330769230769231,13
658-7019,INSTL DEL ASSM (D-SW)SZ 1(BRF)GF2(BI),EA,4202.0,2.3877082341742028,18.3580000000000000,5
658-7020,INSTL DEL ASSM (D-SW)SZ 1(BRF)GF2(BR),EA,288.0,38.2777777777777778,38.6666666666666667,3
658-7031,INSTL DEL ASSM (D-SY)SZ 1(BRF)CTB,EA,2218.0,8.1377817853922453,18.7333333333333333,6
658-7032,INSTL DEL ASSM (D-SY)SZ 1(BRF)CTB (BI),EA,9593.0,6.2194933805900136,15.9857142857142857,7
658-7033,INSTL DEL ASSM (D-SY)SZ 1(BRF)CTB (BR),EA,391.0,19.0409207161125320,20.0000000000000000,2
658-7036,INSTL DEL ASSM (D-SY)SZ 1(BRF)GF2,EA,403.0,20.5151364764267990,30.5057142857142857,7
658-7038,INSTL DEL ASSM (D-SY)SZ 1(BRF)GF2(BR),EA,150.0,33.3333333333333333,30.0000000000000000,2
658-7048,INSTL DEL ASSM (D-DW)SZ 1(BRF)GF2,EA,300.0,20.0000000000000000,20.0000000000000000,1
658-7052,INSTL DEL ASSM (D-DY)SZ 1(BRF)GF2,EA,168.0,21.0714285714285714,25.0000000000000000,2
658-7056,INSTL OM ASSM (OM-2Y)(WC)GND,EA,108.0,192.0518518518518519,146.3500000000000000,2
658-7059,INSTL OM ASSM (OM-2Z)(WFLX)GND(BI),EA,4.0,75.0000000000000000,75.0000000000000000,1
658-7066,INSTL OM ASSM (OM-3L)(TWT)GND,EA,2.0,588.5200000000000000,588.5200000000000000,1
658-7070,INSTL OM ASSM (OM-3R)(TWT)GND,EA,2.0,588.5200000000000000,588.5200000000000000,1
658-7078,REMOVE DELIN & OBJECT MARKER ASSMS,EA,4.0,122.2400000000000000,122.2400000000000000,1
658-7079,INSTL OM SM RD SIGN (1-OM-CON)Y,EA,38.0,35.9210526315789474,33.5000000000000000,2
658-7080,INSTL OM SM RD SIGN (1-OM-CON)R,EA,55.0,37.4000000000000000,34.0000000000000000,2
658-7081,INSTL OM SM RD SIGN (1-OM-CON)B,EA,2.0,45.0000000000000000,45.0000000000000000,1
658-7084,INSTL OM SM RD SIGN (1-OM-CON)G,EA,4.0,45.0000000000000000,45.0000000000000000,1
658-7086,INSTL OM SM RD SIGN (1-OM-CON)W,EA,88.0,37.9431818181818182,33.5000000000000000,2
658-7088,INSTL OM SM RD SIGN (1-OM-TY1)Y,EA,4.0,66.1582500000000000,71.5443333333333333,3
658-7090,INSTL OM LG RD SIGN (2-OM-TY1)Y,EA,40.0,91.8000000000000000,91.8000000000000000,1
658-7091,INSTL OM LG RD SIGN (3-OM-TY1)Y,EA,2.0,127.5000000000000000,127.5000000000000000,1
658-7103,REPLC OM LG RD SIGN (2-OM-TY1)Y,EA,23.0,91.8000000000000000,91.8000000000000000,1
658-7104,REPLC OM LG RD SIGN (3-OM-TY1)Y,EA,1.0,127.5000000000000000,127.5000000000000000,1
658-7178,REPLC DEL ASSM (D-SW)SZ 1(BRF)CTB (BI),EA,3000.0,1.00000000000000000000,1.00000000000000000000,1
658-7184,REPLC DEL ASSM (D-SW)SZ 1(BRF)GF2(BI),EA,1500.0,1.00000000000000000000,1.00000000000000000000,1
658-7202,REPLC DEL ASSM (D-SY)SZ 1(BRF)CTB(BI),EA,1500.0,1.00000000000000000000,1.00000000000000000000,1
658-7317,INSTL OM SM RD SIGN (1-OM-PW)Y,EA,3.0,25.5200000000000000,25.5200000000000000,1
658-7322,INSTL OM LG RD SIGN (3-OM-PW)Y,EA,1.0,25.5300000000000000,25.5300000000000000,1
658-7336,INSTL DEL ASSM (D-DW)SZ1(WFLX)SRFHH(BR),EA,47.0,150.0000000000000000,150.0000000000000000,1
662-7001,"WK ZN PAV MRK NON-REMOV (W)4""(BRK)",LF,130.0,1.00000000000000000000,1.00000000000000000000,1
662-7002,"WK ZN PAV MRK NON-REMOV (W)4""(DOT)",LF,102.0,1.00000000000000000000,1.00000000000000000000,1
662-7004,"WK ZN PAV MRK NON-REMOV (W)4""(SLD)",LF,2091.0,0.82783357245337159254,0.75000000000000000000,2
662-7005,"WK ZN PAV MRK NON-REMOV (W)6""(BRK)",LF,97904.0,0.40651556626899820232,0.64142857142857142857,7
662-7006,"WK ZN PAV MRK NON-REMOV (W)6""(DOT)",LF,179.0,0.50653631284916201117,0.63500000000000000000,2
662-7008,"WK ZN PAV MRK NON-REMOV (W)6""(SLD)",LF,401358.0,0.40807167167466451398,0.59571428571428571429,7
662-7012,"WK ZN PAV MRK NON-REMOV (W)8""(SLD)",LF,41914.0,0.84682110989168296989,0.78100000000000000000,10
662-7015,"WK ZN PAV MRK NON-REMOV (W)12""(SLD)",LF,482.0,2.5000000000000000,2.5000000000000000,1
662-7017,"WK ZN PAV MRK NON-REMOV (W)24""(SLD)",LF,19607.0,3.8270321823838425,5.6600000000000000,11
662-7018,WK ZN PAV MRK NON-REMOV (W)(ARROW),EA,295.0,75.4372881355932203,84.6666666666666667,9
662-7019,WK ZN PAV MRK NON-REMOV (W)(DBL ARW),EA,38.0,105.7894736842105263,95.0000000000000000,3
662-7024,WK ZN PAV MRK NON-REMOV (W)(RR XING),EA,4.0,300.0000000000000000,300.0000000000000000,1
662-7027,WK ZN PAV MRK NON-REMOV (W)(UTURN ARW),EA,4.0,75.0000000000000000,75.0000000000000000,1
662-7030,WK ZN PAV MRK NON-REMOV(W)(WORD),EA,207.0,82.7342995169082126,89.1111111111111111,9
662-7033,"WK ZN PAV MRK NON-REMOV (Y)4""(BRK)",LF,5080.0,0.37000000000000000000,0.37000000000000000000,1
662-7035,"WK ZN PAV MRK NON-REMOV (Y)4""(SLD)",LF,75282.0,0.37581613134613851917,0.62333333333333333333,3
662-7036,"WK ZN PAV MRK NON-REMOV (Y)6""(BRK)",LF,45783.0,0.39285979512045955923,0.62000000000000000000,6
662-7038,"WK ZN PAV MRK NON-REMOV (Y)6""(SLD)",LF,351573.0,0.37957454070705088275,0.56444444444444444444,9
662-7039,"WK ZN PAV MRK NON-REMOV (Y)8""(SLD)",LF,517.0,0.50000000000000000000,0.50000000000000000000,1
662-7040,"WK ZN PAV MRK NON-REMOV (Y)12""(SLD)",LF,976.0,2.2141393442622951,1.7250000000000000,2
662-7042,"WK ZN PAV MRK NON-REMOV (Y)24""(SLD)",LF,86.0,7.0000000000000000,7.0000000000000000,1
662-7047,WK ZN PAV MRK REMOV (REFL) TY I-A,EA,1310.0,6.2893129770992366,6.4166666666666667,3
662-7049,WK ZN PAV MRK REMOV (REFL) TY I-C,EA,2806.0,4.2925873129009266,4.3000000000000000,3
662-7051,WK ZN PAV MRK REMOV (REFL) TY II-A-A,EA,11403.0,4.4882048583706042,4.9666666666666667,3
662-7053,WK ZN PAV MRK REMOV (REFL) TY II-C-R,EA,5961.0,4.1779483308169770,5.3300000000000000,5
662-7057,WK ZN PAV MRK REMOV (TRAF BTN) TY W,EA,1756.0,8.0000000000000000,8.0000000000000000,1
662-7059,WK ZN PAV MRK REMOV (TRAF BTN) TY Y,EA,1466.0,8.0000000000000000,8.0000000000000000,1
662-7061,"WK ZN PAV MRK REMOV (W)4""(BRK)",LF,44468.0,1.2097373392102186,1.7333333333333333,3
662-7062,"WK ZN PAV MRK REMOV (W)4""(DOT)",LF,22.0,2.5000000000000000,2.5000000000000000,1
662-7064,"WK ZN PAV MRK REMOV (W)4""(SLD)",LF,178247.0,1.2219829786756579,1.4200000000000000,5
662-7065,"WK ZN PAV MRK REMOV (W)6""(BRK)",LF,135611.0,1.00171962451423557086,1.6028571428571429,7
662-7066,"WK ZN PAV MRK REMOV (W)6""(DOT)",LF,732.0,2.4557377049180328,2.8000000000000000,2
662-7068,"WK ZN PAV MRK REMOV (W)6""(SLD)",LF,319362.0,0.95383605438342695750,1.1457142857142857,7
662-7070,"WK ZN PAV MRK REMOV (W)8""(DOT)",LF,684.0,1.1700000000000000,1.17000000000000000000,1
662-7072,"WK ZN PAV MRK REMOV (W)8""(SLD)",LF,34743.0,2.4291468785079009,2.0683333333333333,6
662-7074,"WK ZN PAV MRK REMOV (W)12""(LNDP)",LF,1599.0,4.1000000000000000,4.1000000000000000,1
662-7075,"WK ZN PAV MRK REMOV (W)12""(SLD)",LF,3750.0,4.1000000000000000,4.1000000000000000,1
662-7077,"WK ZN PAV MRK REMOV (W)24""(SLD)",LF,893.0,6.9451287793952968,7.4000000000000000,2
662-7080,"WK ZN PAV MRK REMOV (W)6""(BKN W/MRKR)",LF,560.0,1.8800000000000000,1.88000000000000000000,1
662-7082,WK ZN PAV MRK REMOV (W)(ARROW),EA,22.0,130.9090909090909091,145.6250000000000000,4
662-7083,WK ZN PAV MRK REMOV (W)(DBL ARROW),EA,1.0,360.5000000000000000,360.5000000000000000,1
662-7084,WK ZN PAV MRK REMOV (W)(ENTR GORE),EA,21.0,200.0000000000000000,200.0000000000000000,1
662-7085,WK ZN PAV MRK REMOV (W)(EXIT GORE),EA,21.0,350.0000000000000000,350.0000000000000000,1
662-7090,WK ZN PAV MRK REMOV (W)(TPL ARROW),EA,1.0,463.5000000000000000,463.5000000000000000,1
662-7092,WK ZN PAV MRK REMOV (W)(WORD),EA,11.0,96.5454545454545455,113.2500000000000000,2
662-7097,"WK ZN PAV MRK REMOV (Y)4""(SLD)",LF,181325.0,1.1901635185440507,1.4200000000000000,5
662-7100,"WK ZN PAV MRK REMOV (Y)6""(SLD)",LF,195178.0,1.0933411040178709,1.2050000000000000,6
662-7105,"WK ZN PAV MRK REMOV (Y)24""(SLD)",LF,4645.0,8.0000000000000000,8.0000000000000000,1
662-7112,WK ZN PAV MRK SHT TERM (TAB)TY W,EA,44707.0,1.3450309794886707,1.5872727272727273,11
662-7113,WK ZN PAV MRK SHT TERM (TAB)TY Y,EA,8855.0,2.9896103896103896,2.5000000000000000,2
662-7114,WK ZN PAV MRK SHT TERM (TAB)TY Y-2,EA,34555.0,1.3838778758500941,1.7636363636363636,11
666-7009,"REFL PAV MRK TY I (W)6""(DOT)(100MIL)",LF,13712.0,1.7969515752625438,1.7300000000000000,10
666-7012,"REFL PAV MRK TY I (W)6""(LNDP)(100MIL)",LF,42.0,3.9000000000000000,3.9000000000000000,1
666-7015,"REFL PAV MRK TY I (W)8""(BRK)(100MIL)",LF,159.0,1.9169811320754717,3.4600000000000000,2
666-7018,"REFL PAV MRK TY I (W)8""(DOT)(100MIL)",LF,1916.75,1.6278400939089605,1.5457142857142857,7
666-7024,"REFL PAV MRK TY I (W)8""(SLD)(100MIL)",LF,228655.5,1.3885501332791033,2.1728000000000000,25
666-7027,"REFL PAV MRK TY I (W)12""(LNDP)(100MIL)",LF,4452.0,2.8584905660377358,1.9500000000000000,2
666-7030,"REFL PAV MRK TY I (W)12""(SLD)(100MIL)",LF,48244.0,3.5193980598623663,4.0564285714285714,14
666-7036,"REFL PAV MRK TY I (W)24""(SLD)(100MIL)",LF,72338.5,7.7084468851303248,8.2160000000000000,25
666-7042,REFL PAV MRK TY I (W)(ARROW)(100MIL),EA,1103.0,166.7814052583862194,161.3510000000000000,10
666-7045,REFL PAV MRK TY I(W)(DBL ARROW)(100MIL),EA,163.0,224.3592638036809816,229.2575000000000000,8
666-7048,REFL PAV MRK TY I(W)(TPL ARRW)(100MIL),EA,3.0,265.0000000000000000,265.0000000000000000,1
666-7051,REFL PAV MRK TY I(W)(UTURN ARW)(100MIL),EA,71.0,223.2394366197183099,246.0000000000000000,5
666-7060,REFL PAV MRK TY I(W)(LNDP ARW)(100MIL),EA,40.0,100.0000000000000000,100.0000000000000000,1
666-7066,REFL PAV MRK TY I (W)(WORD)(100MIL),EA,724.0,176.5694751381215470,177.1444444444444444,9
666-7069,REFL PAV MRK TY I(W)(ENTR GORE)(100MIL),EA,57.0,533.0701754385964912,640.4000000000000000,5
666-7072,REFL PAV MRK TY I(W)(EXIT GORE)(100MIL),EA,57.0,622.0175438596491228,754.6666666666666667,6
666-7081,REFL PAV MRK TY I (W)(RR XING)(100MIL),EA,43.0,615.3790697674418605,570.1625000000000000,4
666-7087,"REF PAV MRK TY I(W)18""(YLD TRI)(100MIL)",EA,60.0,7.4900000000000000,7.4900000000000000,1
666-7090,"REF PAV MRK TY I(W)36""(YLD TRI)(100MIL)",EA,60.0,18.1700000000000000,18.1700000000000000,1
666-7093,REFL PAV MRK TY I (W)(BIKE ARW)(100MIL),EA,5.0,125.0000000000000000,125.0000000000000000,1
666-7099,REFL PAV MRK TY I(W)(BIKE SYML)(100MIL),EA,5.0,125.0000000000000000,125.0000000000000000,1
666-7111,"REFL PAV MRK TY I (Y)6""(DOT)(100MIL)",LF,400.0,2.0000000000000000,2.0000000000000000,1
666-7114,"REFL PAV MRK TY I (Y)8""(SLD)(100MIL)",LF,47534.0,1.3315027138469306,4.4700000000000000,17
666-7117,"REFL PAV MRK TY I (Y)12""(SLD)(100MIL)",LF,15365.0,3.6706814188089815,4.0350000000000000,12
666-7123,"REFL PAV MRK TY I (Y)24""(SLD)(100MIL)",LF,8132.0,6.3760231185440236,6.5950000000000000,6
666-7129,REFL PAV MRK TY I (Y)(ISLAND)(100MIL),SF,6698.0,2.3538369662585847,3.1033333333333333,3
666-7130,REFL PAV MRK TY I(Y)(MED NOSE)(060MIL),EA,75.0,115.0000000000000000,115.0000000000000000,1
666-7131,REFL PAV MRK TY I(Y)(MED NOSE)(090MIL),EA,75.0,150.0000000000000000,150.0000000000000000,1
666-7132,REFL PAV MRK TY I(Y)(MED NOSE)(100MIL),EA,126.0,167.8571428571428571,442.6666666666666667,3
666-7138,"RE PV MRK TY I(BLACK)6""(SHADOW)(100MIL)",LF,22020.0,0.59549954586739327884,1.3700000000000000,3
666-7168,"RE PM TY II (W) 4"" (BRK)",LF,8260.0,0.75000000000000000000,0.75000000000000000000,1
666-7169,"RE PM TY II (W) 4"" (DOT)",LF,242.0,0.75000000000000000000,0.75000000000000000000,1
666-7171,"RE PM TY II (W) 4"" (SLD)",LF,3633.0,1.3725598678777870,2.6100000000000000,2
666-7172,"RE PM TY II (W) 6"" (BRK)",LF,71231.0,0.19979362917830719771,6.4100000000000000,5
666-7173,"RE PM TY II (W) 6"" (DOT)",LF,479.0,0.19352818371607515658,0.30000000000000000000,2
666-7175,"RE PM TY II (W) 6"" (SLD)",LF,335990.0,0.26197732075359385696,2.8890909090909091,11
666-7177,"RE PM TY II (W) 8"" (DOT)",LF,783.0,0.47369093231162196679,1.05000000000000000000,2
666-7179,"RE PM TY II (W) 8"" (SLD)",LF,25583.0,0.37908493921744908728,0.67666666666666666667,6
666-7182,"RE PM TY II (W) 12"" (SLD)",LF,3355.0,1.9677049180327869,2.3000000000000000,6
666-7184,"RE PM TY II (W) 24"" (SLD)",LF,15548.0,5.4734544635966041,5.5985714285714286,7
666-7186,RE PM TY II (W) (ARROW),EA,272.0,101.8566176470588235,106.6666666666666667,6
666-7187,RE PM TY II (W) (DBL ARROW),EA,31.0,151.4516129032258065,131.2500000000000000,4
666-7189,RE PM TY II (W) (UTURN ARROW),EA,5.0,165.0000000000000000,165.0000000000000000,1
666-7194,RE PM TY II (W) (WORD),EA,186.0,116.8817204301075269,145.8333333333333333,6
666-7195,RE PM TY II (W) (ENTR GORE),EA,20.0,459.4500000000000000,422.2500000000000000,4
666-7196,RE PM TY II (W) (EXIT GORE),EA,16.0,471.1875000000000000,428.5000000000000000,4
666-7197,RE PM TY II (W) (ISLAND),SF,1760.0,2.0000000000000000,2.0000000000000000,1
666-7198,RE PM TY II (W) (RR XING),EA,14.0,195.7142857142857143,260.0000000000000000,2
666-7202,RE PM TY II (W) (CURB),LF,1040.0,1.7526923076923077,1.7200000000000000,2
666-7210,"RE PM TY II (Y) 4"" (SLD)",LF,3251.0,0.75000000000000000000,0.75000000000000000000,1
666-7211,"RE PM TY II (Y) 6"" (BRK)",LF,39564.0,0.40167576584774037003,2.9680000000000000,5
666-7213,"RE PM TY II (Y) 6"" (SLD)",LF,324883.0,0.25670859971128067643,3.2023076923076923,13
666-7214,"RE PM TY II (Y) 8"" (SLD)",LF,3633.0,0.48764106798788879714,0.47500000000000000000,2
666-7215,"RE PM TY II (Y) 12"" (SLD)",LF,39560.0,1.7470594034378160,2.1538888888888889,9
666-7217,"RE PM TY II (Y) 24"" (SLD)",LF,2357.0,4.6247772592278320,3.9000000000000000,2
666-7218,"RE PM TY II (Y) 36"" (SLD)",LF,5491.0,3.0000000000000000,3.0000000000000000,1
666-7219,RE PM TY II (Y) (ISLAND),SF,8012.0,2.0000000000000000,2.0000000000000000,1
666-7220,RE PM TY II (Y) (MED NOSE),EA,87.0,200.0000000000000000,200.0000000000000000,1
666-7221,RE PM TY II (Y)(CURB),LF,79554.0,2.2274482741282651,2.2080000000000000,5
666-7229,"RE PM TY II (BLK)(6"")(SHADOW)",LF,14680.0,0.10000000000000000000,0.10000000000000000000,1
666-7233,"RE PM TY III (W)(4"")(SLD)",LF,360.0,2.5000000000000000,2.5000000000000000,1
666-7236,"RE PM TY III (W)(6"")(SLD)",LF,1082356.0,0.64418550828008529541,1.4992307692307692,13
666-7237,"RE PM TY III (W)(6"")(BRK)",LF,424971.5,0.66859104669371946119,1.4592857142857143,14
666-7238,"RE PM TY III (W)(6"")(DOT)",LF,15499.0,1.3991328472804697,1.3633333333333333,6
666-7239,"RE PM TY III (W)(8"")(SLD)",LF,312463.75,1.01530375923607138428,2.2425000000000000,12
666-7241,"RE PM TY III (W)(8"")(DOT)",LF,5711.0,1.2881912099457188,1.6766666666666667,3
666-7242,"RE PM TY III (W)(12"")(SLD)",LF,159203.0,2.8335192176026834,4.0056250000000000,16
666-7243,"RE PM TY III (W)(12"")(DOT)",LF,33290.0,2.0330738960648843,3.2057142857142857,7
666-7244,"RE PM TY III (W)(24"")(SLD)",LF,80254.25,7.4927379546877580,14.9483333333333333,18
666-7245,"RE PM TY III (Y)(4"")(SLD)",LF,2084.0,3.3373320537428023,3.7500000000000000,2
666-7248,"RE PM TY III (Y)(6"")(SLD)",LF,783294.0,0.65000107239427341458,0.99230769230769230769,13
666-7249,"RE PM TY III (Y)(6"")(BRK)",LF,52805.0,0.68068364738187671622,0.96250000000000000000,4
666-7251,"RE PM TY III (Y)(8"")(SLD)",LF,43969.5,1.10985706000750520247,1.5933333333333333,3
666-7252,"RE PM TY III (Y)(12"")(SLD)",LF,17590.0,3.0501978396816373,3.6987500000000000,8
666-7253,"RE PM TY III (Y)(24"")(SLD)",LF,2167.5,7.5211995386389850,7.7450000000000000,2
666-7254,RE PM TY III (W)(ARROW),EA,80.0,192.2500000000000000,221.2500000000000000,2
666-7257,RE PM TY III (W)(WORD),EA,36.0,222.0833333333333333,236.2500000000000000,2
666-7262,"RE PM TY III (BLK)(6"")(SHADOW)",LF,675087.5,0.72538908659988520007,1.1042105263157895,19
666-7266,"RE PROFILE PM TY I(W)6""(SLD)(100MIL)",LF,451732.0,0.85990545279059265228,1.3785714285714286,7
666-7270,"RE PROFILE PM TY I(Y)6""(SLD)(100MIL)",LF,296485.0,0.81097664300048906353,2.0914285714285714,7
666-7274,"RE PROFILE PM TY I(Y)6""(BRK)(100MIL)",LF,32580.0,0.87723143032535297729,0.94333333333333333333,3
666-7278,"RE PROF PM TYI (BLK)6""(SHADOW)(100MIL)",LF,15000.0,1.00000000000000000000,1.00000000000000000000,1
666-7290,"TY I HIGH PERF PM (W)6""(BRK)(100MIL)",LF,10000.0,0.65000000000000000000,0.65000000000000000000,1
666-7293,"TY I HIGH PERF PM (W)6""(SLD)(100MIL)",LF,51725.0,0.71169647172547124215,1.5750000000000000,2
666-7302,"TY I HIGH PERF PM (Y)6""(BRK)(100MIL)",LF,5575.0,0.99551569506726457399,2.3250000000000000,2
666-7305,"TY I HIGH PERF PM (Y)6""(SLD)(100MIL)",LF,36725.0,0.74159292035398230088,1.6250000000000000,2
666-7309,"ALL-WTHER PM TY I (W)6""(SLD)(100MIL)",LF,483933.0,0.84657508374093107930,0.84916666666666666667,12
666-7310,"ALL-WTHER PM TY I (W)6""(BRK)(100MIL)",LF,118373.0,0.85409764050923774847,0.85636363636363636364,11
666-7311,"ALL-WTHER PM TY I (W)6""(DOT)(100MIL)",LF,377.0,0.80679045092838196286,0.89250000000000000000,4
666-7315,"ALL-WTHER PM TY I (Y)6""(SLD)(100MIL)",LF,421758.0,0.84271672380843991104,0.84916666666666666667,12
666-7316,"ALL-WTHER PM TY I (Y)6""(BRK)(100MIL)",LF,32233.0,0.87680637855613811932,0.88625000000000000000,8
666-7346,"PAVEMENT SLER 4""",LF,698.0,8.0000000000000000,8.0000000000000000,1
666-7347,"PAVEMENT SLER 6""",LF,1441637.0,0.15140805209633215574,0.22545454545454545455,11
666-7348,"PAVEMENT SLER 8""",LF,146548.75,0.20977643958068560803,0.27000000000000000000,7
666-7350,"PAVEMENT SLER 12""",LF,40091.0,0.35754658152702601581,0.32400000000000000000,5
666-7352,"PAVEMENT SLER 24""",LF,45445.75,0.81493594010441020337,0.63125000000000000000,8
666-7353,PAVEMENT SLER (ARROW),EA,1880.0,14.7623404255319149,20.0084615384615385,13
666-7354,PAVEMENT SLER (WORD),EA,1603.0,18.8995633187772926,21.1346153846153846,13
666-7355,PAVEMENT SLER (MED NOSE),EA,11.0,68.1818181818181818,262.5000000000000000,2
666-7356,PAVEMENT SLER (DBL ARROW),EA,344.0,22.6126162790697674,24.4341666666666667,12
666-7357,PAVEMENT SLER (TPL ARROW),EA,4.0,7.5000000000000000,7.0000000000000000,2
666-7358,PAVEMENT SLER (UTURN ARROW),EA,183.0,24.5843715846994536,25.7709090909090909,11
666-7359,PAVEMENT SLER (LN REDUCT ARROW),EA,40.0,10.0000000000000000,10.0000000000000000,1
666-7360,PAVEMENT SLER (U-L ARROW),EA,10.0,30.0000000000000000,30.0000000000000000,1
666-7361,PAVEMENT SLER (ENTR GORE),EA,21.0,149.5238095238095238,88.0000000000000000,2
666-7362,PAVEMENT SLER (EXIT GORE),EA,20.0,163.0000000000000000,163.0000000000000000,1
666-7363,PAVEMENT SLER (SYMBOL),EA,145.0,53.6041379310344828,39.9314285714285714,7
666-7364,PAVEMENT SLER (RR XING),EA,50.0,29.0488000000000000,41.8700000000000000,6
666-7365,PAVEMENT SLER (YLD TRI),EA,706.0,9.4538243626062323,7.9066666666666667,6
666-7367,PAVEMENT SLER (NUMBER),EA,74.0,15.2594594594594595,11.7240000000000000,5
666-7368,PAVEMENT SLER (BIKE ARROW),EA,9.0,22.6666666666666667,23.0000000000000000,2
666-7369,PAVEMENT SLER (BIKE SYMBOL),EA,5.0,20.0000000000000000,20.0000000000000000,1
666-7370,PAVEMENT SLER (BIKE WORD),EA,4.0,26.0000000000000000,26.0000000000000000,1
666-7408,"REFL PAV MRK TY I (W)6""(BRK)(100MIL)",LF,201881.5,0.70955882535051502986,2.7307692307692308,13
666-7411,"REFL PAV MRK TY I (W)6""(SLD)(100MIL)",LF,914330.0,0.60385417737578336049,0.84384615384615384615,13
666-7420,"REFL PAV MRK TY I (Y)6""(BRK)(100MIL)",LF,154150.0,0.65259779435614661044,0.79454545454545454545,11
666-7423,"REFL PAV MRK TY I (Y)6""(SLD)(100MIL)",LF,553467.5,0.62018521412729744746,0.73153846153846153846,13
666-7425,"ALL-WTHER PM TY I (W) 8""(SLD)(100MIL)",LF,4523.0,1.00000000000000000000,1.00000000000000000000,1
666-7426,"ALL-WTHER PM TY I (W) 8""(DOT)(100MIL)",LF,505.0,2.0000000000000000,2.0000000000000000,1
666-7427,"ALL-WTHER PM TY I (W) 12""(SLD)(100MIL)",LF,1197.0,3.3500000000000000,3.3500000000000000,1
668-7001,PRFB RUMBLE STRIP (BLK)(4')(TRANSVERSE),LF,2000.0,6.5250000000000000,8.6250000000000000,2
668-7002,PRFB RUMBLE STRIP (BLK)(1')(CENTERLINE),LF,1000.0,6.0000000000000000,6.0000000000000000,1
668-7006,"PREFAB PM TY B (W)(4"")(LNDP)",LF,608.0,2.1500000000000000,2.1500000000000000,1
668-7012,"PREFAB PM TY B (W)(6"")(BRK)CONTRAST",LF,15850.0,10.5968769716088328,15.5650000000000000,2
668-7035,PREFAB PM TY B (W)(RR XING),EA,13.0,1100.0000000000000000,1100.0000000000000000,1
668-7078,"PREFAB PM TY C (W)(6"")(DOT)",LF,3275.0,2.0000000000000000,2.0000000000000000,1
668-7085,"PREFAB PM TY C (W)(12"")(DOT)",LF,12078.0,2.8500000000000000,2.8500000000000000,1
668-7089,"PREFAB PM TY C (W)(24"")(SLD)",LF,9781.0,13.4574685614967795,14.4000000000000000,5
668-7090,"PREFAB PM TY C (W)(24"")(SLD)CONTRAST",LF,531.0,34.1000000000000000,34.1000000000000000,1
668-7091,PREFAB PM TY C (W)(ARROW),EA,2234.0,199.8521709937332140,238.6265517241379310,29
668-7092,PREFAB PM TY C (W)(ARROW)CONTRAST,EA,6.0,387.0000000000000000,387.0000000000000000,1
668-7093,PREFAB PM TY C (W)(DBL ARROW),EA,636.0,323.8240408805031447,337.2652380952380952,21
668-7095,PREFAB PM TY C (W)(TPL ARROW),EA,3.0,444.6666666666666667,417.0000000000000000,2
668-7096,PREFAB PM TY C (W)(UTURN ARROW),EA,210.0,303.8136666666666667,339.8443750000000000,16
668-7098,PREFAB PM TY C (W)(U-LT ARROW),EA,10.0,515.0000000000000000,515.0000000000000000,1
668-7100,PREFAB PM TY C (W)(LN REDUCT ARROW),EA,37.0,417.3932432432432432,499.7816666666666667,6
668-7102,PREFAB PM TY C (W)(NUMBER),EA,120.0,187.9030833333333333,160.0062500000000000,8
668-7103,PREFAB PM TY C (W)(WORD),EA,2130.0,263.2568169014084507,291.7826666666666667,30
668-7104,PREFAB PM TY C (W)(WORD)CNTST,EA,6.0,400.0000000000000000,400.0000000000000000,1
668-7108,PREFAB PM TY C (W)(RR XING),EA,188.0,553.9459574468085106,566.1716666666666667,12
668-7109,PREFAB PM TY C (W)(SYMBOL),EA,424.0,132.4005188679245283,204.7825000000000000,4
668-7110,"PREFAB PM TY C (W)(18"")(YLD TRI)",EA,55.0,49.9090909090909091,45.0000000000000000,2
668-7111,"PREFAB PM TY C (W)(36"")(YLD TRI)",EA,716.0,56.1673044692737430,56.2385714285714286,7
668-7113,PREFAB PM TY C (W)(BIKE ARROW),EA,27.0,132.3333333333333333,136.6666666666666667,3
668-7114,PREFAB PM TY C (W)(BIKE RR XING),EA,3.0,687.0000000000000000,687.0000000000000000,1
668-7115,PREFAB PM TY C (W)(BIKE SYMBOL),EA,23.0,208.6956521739130435,290.0000000000000000,2
668-7116,PREFAB PM TY C (W)(BIKE WORD),EA,27.0,209.6296296296296296,258.3333333333333333,3
668-7117,PREFAB PM TY C (W)(BIKE DOT),EA,3.0,300.0000000000000000,300.0000000000000000,1
668-7127,"PREFAB PM TY C (Y)(24"")(SLD)",LF,139.0,15.0000000000000000,15.0000000000000000,1
668-7133,PRE PM TY C(BL&WH)(ACC PRK)(W/BORDR)LG,EA,6.0,455.0000000000000000,455.0000000000000000,1
668-7135,PREFAB PM TY C (MULTI)(SHIELD),EA,201.0,2222.5315422885572139,2363.9528571428571429,7
668-7137,PRFB RUMBLE STRIP (BLK)(1')(EDGELINE),LF,2646.0,2.3300000000000000,2.3300000000000000,1
672-7001,REFL PAV MRKR TY I-A,EA,4721.0,3.9370366447786486,6.7970000000000000,10
672-7002,REFL PAV MRKR TY I-C,EA,32894.0,5.4654623943576336,5.9955555555555556,27
672-7003,REFL PAV MRKR TY I-R,EA,15.0,20.0000000000000000,20.0000000000000000,1
672-7004,REFL PAV MRKR TY II-A-A,EA,76064.0,4.7336737484223812,7.7491428571428571,35
672-7005,REFL PAV MRKR TY II-C-C,EA,11700.0,4.1431623931623932,4.1250000000000000,2
672-7006,REFL PAV MRKR TY II-C-R,EA,145345.0,4.4819990367745708,5.9151428571428571,35
677-7001,"ELIM EXT PM & MRKS (4"")",LF,185814.0,0.35291022205000699624,43.1633333333333333,3
677-7002,"ELIM EXT PM & MRKS (6"")",LF,6734834.5,0.27955418429361552982,0.86419354838709677419,31
677-7004,"ELIM EXT PM & MRKS (8"")",LF,723233.25,0.47589386619047174615,0.74260869565217391304,23
677-7005,"ELIM EXT PM & MRKS (10"")",LF,305142.0,0.63454843974280826632,0.67250000000000000000,4
677-7006,"ELIM EXT PM & MRKS (12"")",LF,310454.0,0.94585893562331295458,1.2331578947368421,19
677-7008,"ELIM EXT PM & MRKS (24"")",LF,117233.25,1.8721449332847123,2.6500000000000000,20
677-7009,ELIM EXT PM & MRKS (ARROW),EA,2815.0,33.7245790408525755,49.7734782608695652,23
677-7010,ELIM EXT PM & MRKS (DBL ARROW),EA,402.0,44.6133084577114428,65.6244444444444444,18
677-7011,ELIM EXT PM & MRKS (TPL ARROW),EA,7.0,55.5714285714285714,59.0000000000000000,2
677-7012,ELIM EXT PM & MRKS (UTURN ARROW),EA,225.0,47.3807555555555556,57.8008333333333333,12
677-7014,ELIM EXT PM & MRKS (NUMBER),EA,113.0,34.2029203539823009,30.2300000000000000,7
677-7015,ELIM EXT PM & MRKS (WORD),EA,2360.0,40.5345254237288136,54.7352173913043478,23
677-7016,ELIM EXT PM & MRKS (ENTR GORE),EA,45.0,223.0444444444444444,248.3333333333333333,3
677-7017,ELIM EXT PM & MRKS (EXIT GORE),EA,46.0,284.5217391304347826,298.3333333333333333,3
677-7018,ELIM EXT PM & MRKS (ISLAND),SF,654.0,0.10000000000000000000,0.10000000000000000000,1
677-7019,ELIM EXT PM & MRKS (RR XING),EA,184.0,126.9456521739130435,111.7500000000000000,8
677-7020,ELIM EXT PM & MRKS (SYMBOL),EA,210.0,50.8000000000000000,49.0000000000000000,3
677-7022,ELIM EXT PM & MRKS (SHIELD),EA,188.0,132.6395744680851064,121.3266666666666667,6
677-7023,"ELIM EXT PM & MRKS (18"")(YLD TRI)",EA,90.0,8.7222222222222222,14.3333333333333333,3
677-7024,"ELIM EXT PM & MRKS (36"")(YLD TRI)",EA,751.0,19.9452063914780293,21.3262500000000000,8
677-7025,ELIM EXT PM & MARKS (BIKE ARROW),EA,31.0,36.9032258064516129,38.7500000000000000,4
677-7026,ELIM EXT PM & MARKS (BIKE RR XING),EA,2.0,169.0000000000000000,169.0000000000000000,1
677-7027,ELIM EXT PM & MARKS (BIKE SYMBOL),EA,27.0,36.5925925925925926,38.6666666666666667,3
677-7028,ELIM EXT PM & MARKS (BIKE WORD),EA,26.0,35.9230769230769231,37.6666666666666667,3
677-7029,ELIM EXT PM & MARKS (BIKE DOT),EA,2.0,45.0000000000000000,45.0000000000000000,1
677-7031,ELIM EXT PM & MRKRS (PLOWABLE RPMS),EA,5154.0,0.03958090803259604191,0.50500000000000000000,2
678-7001,"PAV SURF PREP FOR MRK (4"")",LF,2194.0,1.6247948951686418,2.5250000000000000,2
678-7002,"PAV SURF PREP FOR MRK (6"")",LF,7024669.5,0.02964808878197045427,0.56683333333333333333,30
678-7004,"PAV SURF PREP FOR MRK (8"")",LF,761330.0,0.06029016326691447861,0.27250000000000000000,24
678-7005,"PAV SURF PREP FOR MRK (10"")",LF,224700.0,0.06116377392078326658,0.06000000000000000000,3
678-7006,"PAV SURF PREP FOR MRK (12"")",LF,294668.0,0.17237640327419332944,0.38947368421052631579,19
678-7008,"PAV SURF PREP FOR MRK (24"")",LF,123560.25,0.35981656722125440827,2.1534782608695652,23
678-7009,PAV SURF PREP FOR MRK (ARROW),EA,5767.0,7.2746939483266863,16.2558333333333333,24
678-7010,PAV SURF PREP FOR MRK (DBL ARROW),EA,457.0,12.7698687089715536,22.1720000000000000,20
678-7011,PAV SURF PREP FOR MRK (TPL ARROW),EA,2.0,20.0000000000000000,20.0000000000000000,1
678-7012,PAV SURF PREP FOR MRK (UTURN ARR),EA,246.0,20.1497154471544715,22.3760000000000000,15
678-7013,PAV SURF PREP FOR MRK (U/LT ARROW),EA,10.0,10.0000000000000000,10.0000000000000000,1
678-7015,PAV SURF PREP FOR MRK (NUMBER),EA,84.0,9.4226190476190476,9.3333333333333333,6
678-7016,PAV SURF PREP FOR MRK (WORD),EA,2583.0,13.1368757259001161,20.2454166666666667,24
678-7017,PAV SURF PREP FOR MRK (ENTR GORE),EA,35.0,68.0000000000000000,82.6666666666666667,3
678-7018,PAV SURF PREP FOR MRK (EXIT GORE),EA,36.0,68.8888888888888889,82.6666666666666667,3
678-7020,PAV SURF PREP FOR MRK (RR XING),EA,58.0,52.4244827586206897,58.0855555555555556,9
678-7021,PAV SURF PREP FOR MRK (SYMBOL),EA,210.0,14.9452380952380952,14.4833333333333333,3
678-7022,"PAV SURF PREP FOR MRK (18"")(YLD TRI)",EA,115.0,7.7704347826086957,6.5566666666666667,3
678-7023,"PAV SURF PREP FOR MRK (36"")(YLD TRI)",EA,784.0,10.3278316326530612,9.8262500000000000,8
678-7025,PAV SURF PREP FOR MRK (SHIELD),EA,169.0,28.6138461538461538,26.4057142857142857,7
678-7026,PAV SURF PREP FOR MRK (BIKE ARROW),EA,32.0,10.9687500000000000,11.0625000000000000,4
678-7027,PAV SURF PREP FOR MRK (BIKE RR XING),EA,3.0,28.0000000000000000,28.0000000000000000,1
678-7028,PAV SURF PREP FOR MRK (BIKE SYMBOL),EA,28.0,10.9285714285714286,11.0000000000000000,3
678-7029,PAV SURF PREP FOR MRK (BIKE WORD),EA,27.0,11.1481481481481481,11.4166666666666667,3
678-7030,PAV SURF PREP FOR MRK (BIKE DOT),EA,3.0,34.0000000000000000,34.0000000000000000,1
678-7033,PAV SURF PREP FOR MRK (RPM),EA,69562.0,0.11702006842816480262,0.51200000000000000000,5
680-7001,INSTALL HWY TRF SIG (FLASH BEACON),EA,40.0,500.0000000000000000,500.0000000000000000,1
680-7003,INSTALL HWY TRF SIG (SYSTEM),EA,13.0,42507.000000000000,41359.100000000000,5
680-7004,REMOVING TRAFFIC SIGNALS,EA,10.0,5086.0000000000000000,5010.0000000000000000,3
680-7011,INSTALL HWY TRF SIG (UPGRADE),EA,16.0,8745.8400000000000000,8745.8400000000000000,1
680-7012,REMOVING TRAFFIC SIGNALS (DIAMOND),EA,3.0,4453.6666666666666667,4180.5000000000000000,2
681-7001,TEMP TRAF SIGNALS,EA,5.0,47861.400000000000,50926.750000000000,2
682-7001,"VEH SIG SEC (12"")LED(GRN)",EA,130.0,292.6446153846153846,310.0400000000000000,5
682-7002,"VEH SIG SEC (12"")LED(GRN ARW)",EA,48.0,295.3116666666666667,309.5516666666666667,6
682-7003,"VEH SIG SEC (12"")LED(YEL)",EA,130.0,292.6446153846153846,310.0400000000000000,5
682-7004,"VEH SIG SEC (12"")LED(YEL ARW)",EA,64.0,298.2612500000000000,309.5516666666666667,6
682-7005,"VEH SIG SEC (12"")LED(RED)",EA,130.0,292.6446153846153846,310.0400000000000000,5
682-7006,"VEH SIG SEC (12"")LED(RED ARW)",EA,87.0,255.8754022988505747,268.9014285714285714,7
682-7018,PED SIG SEC (LED)(COUNTDOWN),EA,187.0,663.1623529411764706,776.6485714285714286,7
682-7037,BACKPLATE W/REFL BRDR(4 SEC),EA,45.0,218.0346666666666667,234.1933333333333333,6
682-7038,BACKPLATE W/REFL BRDR(5 SEC),EA,3.0,235.0000000000000000,235.0000000000000000,1
682-7042,BACKPLATE W/REF BRDR(3 SEC)(VENT)ALUM,EA,445.0,125.0000000000000000,125.0000000000000000,1
682-7043,BACKPLATE W/REF BRDR(4 SEC)(VENT)ALUM,EA,103.0,150.0000000000000000,150.0000000000000000,1
682-7044,BACKPLATE W/REF BRDR(5 SEC)(VENT)ALUM,EA,11.0,175.0000000000000000,175.0000000000000000,1
682-7045,RETROFIT REFL BRDR SHEETING (3 SEC),EA,14.0,120.0000000000000000,120.0000000000000000,1
682-7046,RETROFIT REFL BRDR SHEETING (4 SEC),EA,6.0,130.0000000000000000,130.0000000000000000,1
682-7050,BACKPLATE W/REFL BRDR (1SEC)(WENT)ALUM,EA,200.0,100.0000000000000000,100.0000000000000000,1
682-7054,BACKPLATE W/REFL BRDR(3 SEC),EA,127.0,189.0078740157480315,197.0000000000000000,5
684-7007,TRF SIG CBL (TY A)(12 AWG)(2 CONDR),LF,20880.0,2.1239463601532567,2.2314285714285714,7
684-7009,TRF SIG CBL (TY A)(12 AWG)(4 CONDR),LF,24050.0,2.8880166320166320,3.0228571428571429,7
684-7012,TRF SIG CBL (TY A)(12 AWG)(7 CONDR),LF,32297.0,4.4632163978078459,5.3585714285714286,7
684-7028,TRF SIG CBL (TY A)(14 AWG)(2 CONDR),LF,4500.0,0.75000000000000000000,0.75000000000000000000,1
684-7080,TRF SIG CBL (TY C)(14 AWG)(2 CONDR),LF,100000.0,1.00000000000000000000,1.00000000000000000000,1
684-7085,REMOVE TRF SIG CBL,LF,13945.0,0.40000000000000000000,0.40000000000000000000,1
685-7004,INSTL RDSD FLSH BCN ASSM (SOLAR PWRD),EA,60.0,3500.0000000000000000,3500.0000000000000000,1
685-7005,RELOCT RDSD FLSH BCN AM (SOLAR PWRD),EA,3.0,4000.0000000000000000,4000.0000000000000000,1
685-7006,REMOV RDSD FLSH BCN AM (SOLAR PWRD),EA,2.0,1900.0000000000000000,1900.0000000000000000,1
686-7003,INS TRF SIG PL AM (S)LUM ARM(8'),EA,6.0,2500.0000000000000000,2500.0000000000000000,1
686-7004,INS TRF SIG PL AM (S)LUM ARM(10'),EA,4.0,1700.0000000000000000,1700.0000000000000000,1
686-7029,INS TRF SIG PL AM (S)1 ARM(28'),EA,1.0,13260.0000000000000000,13260.0000000000000000,1
686-7037,INS TRF SIG PL AM(S)1 ARM(36'),EA,3.0,15053.333333333333,15040.000000000000,2
686-7039,INS TRF SIG PL AM(S)1 ARM(36')LUM,EA,3.0,16104.300000000000,16104.300000000000,3
686-7043,INS TRF SIG PL AM(S)1 ARM(40')LUM,EA,2.0,18000.000000000000,18000.0000000000000000,1
686-7047,INS TRF SIG PL AM(S)1 ARM(44')LUM,EA,6.0,20163.333333333333,19186.666666666667,3
686-7053,INS TRF SIG PL AM(S)1 ARM(50'),EA,1.0,26000.000000000000,26000.000000000000,1
686-7055,INS TRF SIG PL AM(S)1 ARM(50')LUM,EA,3.0,41543.133333333333,40164.700000000000,2
686-7059,INS TRF SIG PL AM(S)1 ARM(55')LUM,EA,13.0,31948.876923076923,37833.850000000000,4
686-7063,INS TRF SIG PL AM(S)1 ARM(60')LUM,EA,4.0,39360.500000000000,39857.000000000000,3
686-7067,INS TRF SIG PL AM(S)1 ARM(65')LUM,EA,5.0,37328.880000000000,36107.400000000000,3
686-7135,INS TRF SIG PL AM(S)2 ARM(40-24')LUM,EA,1.0,30420.000000000000,30420.000000000000,1
686-7297,INS TRF SIG PL AM(S)(ORN) 1 ARM(36')LUM,EA,1.0,23100.000000000000,23100.000000000000,1
686-7298,INS TRF SIG PL AM(S)(ORN) 1 ARM(40')LUM,EA,2.0,23700.000000000000,23700.000000000000,1
686-7299,INS TRF SIG PL AM(S)(ORN) 1 ARM(44')LUM,EA,1.0,25700.000000000000,25700.000000000000,1
686-7300,INS TRF SIG PL AM(S)(ORN) 1 ARM(50')LUM,EA,4.0,41400.000000000000,41400.000000000000,1
686-7301,INS TRF SIG PL AM(S)(ORN) 1 ARM(55')LUM,EA,2.0,41500.000000000000,41500.000000000000,1
686-7322,INS TRF SIG PL AM(S)(ORN) 1 ARM(32')LUM,EA,1.0,22100.000000000000,22100.000000000000,1
687-7001,PED POLE ASSEMBLY,EA,41.0,2229.5258536585365854,2868.7933333333333333,6
687-7003,RELOCATE PED POLE ASSEMBLY,EA,1.0,5000.0000000000000000,5000.0000000000000000,1
687-7005,REMOVE PED POLE ASSEMBLY,EA,1.0,835.6000000000000000,835.6000000000000000,1
687-7007,INS PED PL AM (ORN)(12'),EA,7.0,5100.0000000000000000,5100.0000000000000000,1
688-7001,PED DETECT PUSH BUTTON (APS),EA,169.0,755.2743195266272189,928.4800000000000000,7
688-7002,PED DETECT PUSH BUTTON (STANDARD),EA,204.0,64.1862745098039216,411.7500000000000000,2
688-7003,PED DETECTOR CONTROLLER UNIT,EA,25.0,3489.8000000000000000,3733.3214285714285714,7
688-7004,VEH LP DETECT (SAWCUT),LF,276.0,10.0000000000000000,10.0000000000000000,1
690-7001,REMOVAL OF CONDUIT,LF,3518.0,10.1800000000000000,10.1800000000000000,1
690-7002,INSTALL OF CONDUIT BY TRENCHING,LF,3000.0,20.0000000000000000,20.0000000000000000,1
690-7006,REMOVAL OF GROUND BOXES,EA,5.0,1285.0000000000000000,1285.0000000000000000,1
690-7007,REPLACE OF GROUND BOXES,EA,2.0,1333.8580000000000000,1333.8580000000000000,1
690-7008,INSTALL OF GROUND BOXES,EA,20.0,800.0000000000000000,800.0000000000000000,1
690-7009,REMOVAL OF CABLES,LF,2890.0,0.91145328719723183391,1.05000000000000000000,2
690-7019,REPLACE OF ELECTRICAL SERVICE,EA,34.0,4186.9758235294117647,4078.2995000000000000,4
690-7020,INSTALL OF ELECTRICAL SERVICE,EA,50.0,3500.0000000000000000,3500.0000000000000000,1
690-7024,REMOVAL OF SIGNAL HEAD ASSM,EA,140.0,102.3500000000000000,102.3500000000000000,1
690-7027,REMOVAL OF SIGNAL RELATED SIGNS,EA,164.0,61.2981707317073171,116.1750000000000000,2
690-7029,INSTALL OF SIGNAL RELATED SIGNS,EA,150.0,50.0000000000000000,50.0000000000000000,1
690-7030,REMOVAL OF PEDESTRIAN PUSH BUTTONS,EA,56.0,99.6000000000000000,110.8000000000000000,2
690-7038,REMOVAL OF CONTROL CABINET(GRND MNT),EA,1.0,1197.7000000000000000,1197.7000000000000000,1
690-7044,REMOVAL OF FLASHER CABINET,EA,13.0,200.0000000000000000,200.0000000000000000,1
690-7045,REPLACE OF FLASHER CABINET,EA,13.0,1000.0000000000000000,1000.0000000000000000,1
690-7051,REMOVAL OF SIGNAL POLE ASSM,EA,3.0,487.7233333333333333,597.5850000000000000,2
690-7079,REPLACE DOWN GUY W/GUARD,EA,18.0,50.0000000000000000,50.0000000000000000,1
690-7082,REPLACE DOWN GUY AND ANCHOR W/GUARD,EA,10.0,100.0000000000000000,100.0000000000000000,1
690-7086,REMOVE VID IMAGE VEH DET SYS (VIVDS),EA,62.0,176.4700000000000000,176.4700000000000000,1
690-7089,REMOVE PED POLE ASSM,EA,9.0,169.0000000000000000,169.0000000000000000,1
690-7094,REMOV PED SIG LED TRAF SIG LAMP UNIT,EA,1.0,250.0000000000000000,250.0000000000000000,1
690-7120,TRF SIG HD(REPL)(3SEC)(LED)W/BRKT BKPL,EA,400.0,700.0000000000000000,700.0000000000000000,1
690-7121,TRF SIG HD(REPL)(4SEC)(LED)W/BRKT BKPL,EA,160.0,700.0000000000000000,700.0000000000000000,1
690-7122,TRF SIG HD(REPL)(5SEC)(LED)W/BRKT BKPL,EA,20.0,750.0000000000000000,750.0000000000000000,1
690-7127,REMOVE LUMINAIRE POLE,EA,14.0,545.5900000000000000,548.4200000000000000,3
690-7128,INSTALL SCREW-IN FND,EA,50.0,750.0000000000000000,750.0000000000000000,1
690-7131,INSTALL BBU SYSTEM,EA,15.0,6000.0000000000000000,6000.0000000000000000,1
690-7132,REMOVE BBU SYSTEM,EA,23.0,500.0000000000000000,500.0000000000000000,1
690-7137,VIVDS CABLE (INSTALL),LF,200.0,1.2700000000000000,1.27000000000000000000,1
690-7139,"REPL VEH SIG TUNNEL VISOR (12"")",EA,400.0,50.0000000000000000,50.0000000000000000,1
690-7141,REPLACE BBU BATTERY,EA,100.0,350.0000000000000000,350.0000000000000000,1
690-7143,INSTALL ABOVE-GROUND CONDUIT,LF,3000.0,5.0000000000000000,5.0000000000000000,1
690-7144,REMOVE ABOVE-GROUND CONDUIT,LF,155.0,7.6780000000000000,7.6780000000000000,1
690-7145,REPLACE ABOVE-GROUND CONDUIT,LF,3887.0,18.2699421147414458,15.0037500000000000,4
690-7146,INSTALL UNDERGROUND CONDUIT,LF,5250.0,10.0000000000000000,10.0000000000000000,1
690-7148,REPLACE UNDERGROUND CONDUIT,LF,9272.0,11.0423425366695427,10.9465000000000000,4
690-7150,REMOVE CONDUCTOR,LF,53315.0,0.96169858388821157273,0.69200000000000000000,2
690-7151,REPLACE CONDUCTOR,LF,8658.0,2.0347773157773158,2.2673333333333333,3
690-7154,REPLACE TRAY CABLE,LF,15000.0,0.25000000000000000000,0.25000000000000000000,1
690-7157,INSTALL ELECTRICAL SPLICE,EA,2061.0,27.6743406113537118,106.0060000000000000,4
690-7161,ROAD BORE,LF,5000.0,16.0000000000000000,16.0000000000000000,1
690-7167,REPLACE ROADWAY ILLUM ASSEMBLY (LED),EA,75.0,4000.0000000000000000,4000.0000000000000000,1
690-7168,REMOVE UNDERPASS LUMINAIRE (HPS),EA,1001.0,85.8250649350649351,59.0230000000000000,3
690-7170,INSTALL UNDERPASS LUMINAIRE (LED),EA,997.0,346.0942186559679037,364.7853333333333333,3
690-7172,REPLACE UNDERPASS LUMINAIRE (LED),EA,1528.0,439.7831989528795812,459.5270000000000000,4
690-7174,REMOVE INDUCTION FLUORESCENT FIXTURE,EA,114.0,79.2621578947368421,61.9236666666666667,3
690-7177,REMOVE LUMINAIRE FIXTURE (HPS),EA,1415.0,30.4530000000000000,30.4530000000000000,1
690-7181,REPLACE LUMINAIRE FIXTURE (LED),EA,250.0,500.0000000000000000,500.0000000000000000,1
690-7183,REPLACE LUMINAIRE ARMS,EA,5.0,2000.0000000000000000,2000.0000000000000000,1
690-7191,REPLACE TIMBER SERVICE POLE,EA,5.0,2000.0000000000000000,2000.0000000000000000,1
690-7192,REPLACE STEEL SERVICE POLE,EA,24.0,2090.2595416666666667,1679.2796666666666667,3
690-7194,INSTALL GROUND BOX W/APRON,EA,44.0,884.0909090909090909,1033.3333333333333333,3
690-7196,REMOVE FOUNDATION,EA,20.0,200.0000000000000000,200.0000000000000000,1
690-7197,REPLACE TRANSFORMER BASE,EA,10.0,500.0000000000000000,500.0000000000000000,1
690-7198,REPLACE TRANSFORMER BASE COVER,EA,50.0,5.0000000000000000,5.0000000000000000,1
690-7199,REPLACE HAND HOLE COVER,EA,88.0,245.0718181818181818,172.2582500000000000,4
690-7200,INSTALL GROUND ROD,EA,68.0,30.6973529411764706,35.5742000000000000,5
690-7204,REPLACE FUSED DISCONNECT,EA,44.0,309.3155000000000000,395.5655000000000000,4
690-7212,REPLACE WALL PACK LUMINAIRE,EA,41.0,265.1065365853658537,302.6680000000000000,2
690-7218,REPLACE FUSE,EA,2050.0,25.6097560975609756,37.5000000000000000,2
690-7220,REPLACE BREAKAWAY FUSE HOLDER,EA,775.0,104.8387096774193548,175.0000000000000000,2
690-7221,REPLACE STARTING AID,EA,24.0,170.6433750000000000,124.3770000000000000,3
690-7222,REPLACE PHOTOCELL AND BRACKET,EA,24.0,94.6372083333333333,82.5543333333333333,3
690-7223,REPLACE CONTROL TRANS (HIGH MAST),EA,47.0,519.9960425531914894,373.4597500000000000,4
690-7224,REPLACE CONTROL TRANS (ELECT SERVICE),EA,42.0,337.0059047619047619,271.8493333333333333,3
690-7225,REPLACE CONTROL CIRCUIT (HIGH MAST),EA,42.0,482.1348571428571429,300.1880000000000000,3
690-7226,REPLACE CONTROL CIRCUIT (ELECT SERVICE),EA,42.0,381.7749523809523810,234.0326666666666667,3
690-7229,REPLACE HAND-OFF-AUTO SWITCH,EA,72.0,150.3589722222222222,148.8297500000000000,4
690-7230,REPLACE CONTACTOR,EA,57.0,277.4778596491228070,245.5023333333333333,3
690-7231,REPLACE METER BASE,EA,43.0,216.4539534883720930,140.2190000000000000,4
690-7232,REPLACE TIME CLOCK,EA,82.0,84.3234634146341463,52.7746666666666667,3
690-7233,REPLACE BREAKER PANEL,EA,39.0,371.1049230769230769,312.3473333333333333,3
690-7235,REPLACE CIRCUIT BREAKER,EA,148.0,127.0275675675675676,132.8127500000000000,4
690-7236,REPLACE FLEX POWER CABLE OR CORD,LF,15400.0,2.9226883116883117,2.5895000000000000,4
690-7237,REPLACE TWIST LOCK CONNECTOR,EA,156.0,221.6859230769230769,286.0515000000000000,4
690-7238,REPLACE SAFETY LANYARD,LF,233.0,356.0496480686695279,200.5170000000000000,4
690-7239,RAISE AND LOWER RING (HIGH MAST LIGHT),EA,1008.0,352.8898730158730159,378.3810000000000000,4
690-7240,RE-STRAP EXISTING CONDUIT,EA,84.0,84.0301547619047619,68.1276666666666667,3
690-7241,"REPLACE NUTS, WASHERS & OTHER HARDWARE",EA,493.0,67.7851521298174442,73.0533333333333333,3
690-7242,TROUBLESHOOT FOR REPAIRS,HR,1015.0,104.9404798029556650,137.4056666666666667,3
690-7245,REPLACE PHOTOCELL,EA,105.0,25.2380952380952381,27.5000000000000000,2
690-7251,REPLACE SAFETY SWITCH,EA,53.0,676.4686415094339623,538.6326666666666667,3
690-7253,REPLACE SAFETY SWITCH 60A,EA,10.0,25.0000000000000000,25.0000000000000000,1
690-7254,REPLACE SAFETY SWITCH 100A,EA,10.0,50.0000000000000000,50.0000000000000000,1
690-7279,"REPLACE 5/16"" WIRE ROPE",EA,28.0,3273.3571428571428571,2338.6250000000000000,3
690-7280,"REPLACE 3/8"" WIRE ROPE",EA,28.0,1657.1080000000000000,1382.0630000000000000,3
690-7281,REPLACE HIGH MAST WINCH,EA,50.0,1945.9053200000000000,1138.6715000000000000,4
690-7282,REPLACE WIRE ROPE PULLEY,EA,103.0,556.6289029126213592,622.4417500000000000,4
690-7283,REPLACE ELECTRICAL CABLE PULLEY,EA,55.0,1266.4030909090909091,702.5175000000000000,4
690-7285,REPLACE ACCESS HOLE COVER,EA,50.0,297.4358400000000000,246.2713333333333333,3
690-7286,REPLACE HIGH MAST SPRINGS,EA,53.0,283.8284150943396226,189.7086666666666667,3
690-7287,REMOVE/REINSTL HI MAST POLE FOR REPAIR,EA,38.0,4538.9549473684210526,3895.4226666666666667,3
690-7288,INST ALUMINUM CABLE STRAP,EA,916.0,5.0000000000000000,5.0000000000000000,1
690-7289,REPL ALUMINUM CABLE STRAP,EA,1284.0,7.4453317757009346,10.0102500000000000,4
690-7291,INSTALL CONTROL TRANS (HIGH MAST),EA,2.0,150.0000000000000000,150.0000000000000000,1
690-7292,REPLACE HIGH MAST LUMINAIRES (LED),EA,981.0,850.6694841997961264,729.4402500000000000,4
690-7293,INSTL HIGH MAST FIXTURE (LED),EA,2598.0,960.4078175519630485,939.0717500000000000,4
690-7294,REMOVE HIGH MAST ILLUM FIXTURE,EA,3736.0,47.4304068522483940,43.3333333333333333,3
690-7295,INSTALL LED SHIELDS,EA,100.0,250.0000000000000000,250.0000000000000000,1
690-7296,INSTALL AVIATION WARNING FIXTURE (LED),EA,100.0,400.0000000000000000,400.0000000000000000,1
690-7297,LED SHIELDS FOR HIGH MAST FIXTURES,EA,479.0,153.6135532359081420,148.7423333333333333,3
690-7299,REPLACE AVIATION WARNING FIXTURE (LED),EA,1824.0,423.9699210526315789,417.9972500000000000,4
690-7300,REMOVE LED SHIELDS,EA,202.0,23.9315841584158416,22.3757500000000000,4
690-7301,REMOVE HPS SHIELDS,EA,150.0,49.3582666666666667,35.0822500000000000,4
690-7302,SCHED PREVENT MAINT (ILLUM SYS),EA,500.0,100.0000000000000000,100.0000000000000000,1
690-7304,INSTALL CIRCUIT BREAKER,EA,1.0,750.1170000000000000,750.1170000000000000,1
690-7305,"SPAN CABLE (INSTALL)(3/8"")",LF,2500.0,2.0000000000000000,2.0000000000000000,1
690-7306,"SPAN CABLE (INSTALL)(3/16"")",LF,5000.0,2.0000000000000000,2.0000000000000000,1
690-7307,"SPAN CABLE (INSTALL)(5/16"")",LF,5000.0,2.0000000000000000,2.0000000000000000,1
690-7315,MAST ARM DAMPING PLATE,EA,25.0,250.0000000000000000,250.0000000000000000,1
690-7316,FND FOR SERV SUPT TYPE SP(O)-OVHD SERV,EA,5.0,2000.0000000000000000,2000.0000000000000000,1
690-7317,FND FOR SERV SUPT TYPE SP(U)-UNDGR SERV,EA,5.0,1500.0000000000000000,1500.0000000000000000,1
690-7318,FND FOR SERV SUPT TYPE SF(U)-UNDGR SERV,EA,5.0,1500.0000000000000000,1500.0000000000000000,1
690-7319,RDWY ILLM FND,LF,40.0,500.0000000000000000,500.0000000000000000,1
690-7320,TRF SIG HD (REP)(1SEC)(LED)BRKT BKPL,EA,200.0,225.0000000000000000,225.0000000000000000,1
690-7321,REPL ELECTROMAGNETIC CONTACTOR-60 AMPS,EA,2.0,1000.0000000000000000,1000.0000000000000000,1
690-7322,REPL ELECTROMAGNETIC CONTACTOR-100 AMPS,EA,4.0,750.0000000000000000,750.0000000000000000,1
690-7323,REPL ELECTROMAGNETIC CONTACTOR-200 AMPS,EA,2.0,1000.0000000000000000,1000.0000000000000000,1
7000-7001,STORM SEWER (TELEVISION INSPECTION),LF,2700.0,2.0000000000000000,2.0000000000000000,4
7004-7004,WATER MAIN PIPE (PVC)(C900)(6 IN),LF,392.0,68.0000000000000000,68.0000000000000000,1
7004-7007,WATER MAIN PIPE (PVC)(C900)(12 IN),LF,773.0,189.5000000000000000,189.5000000000000000,1
7004-7022,CASING STEEL (18 IN),LF,89.0,330.0000000000000000,330.0000000000000000,1
7004-7025,CUT AND PLUG WATER MAIN (6 IN),EA,1.0,581.0000000000000000,581.0000000000000000,1
7004-7027,CUT AND PLUG WATER MAIN (12 IN),EA,1.0,802.5000000000000000,802.5000000000000000,1
7004-7047,WET CONNECTION (12 IN),EA,2.0,2627.0000000000000000,2627.0000000000000000,1
7004-7052,REMOVE EXIST WATER PIPE (12 IN),LF,193.0,14.5000000000000000,14.5000000000000000,1
7004-7059,WET CONNECTION (6 IN),EA,1.0,1427.5000000000000000,1427.5000000000000000,1
700-7001,"POTHOLE REPAIR(STANDARD)(0""-5"" DEEP)",SY,1.0,1000.0000000000000000,1000.0000000000000000,1
700-7007,"POTHOLE REPAIR(SAW-CUT)(0""-5"" DEEP)",SY,3500.0,71.0000000000000000,71.0000000000000000,1
700-7008,"POTHOLE REPAIR(SAW-CUT)(5""-10"" DEEP)",SY,200.0,80.0000000000000000,80.0000000000000000,1
7010-7002,MAINTENANCE SPEED LIMIT SIGNING,DAY,10.0,50.0000000000000000,50.0000000000000000,1
7018-7001,BUILD 70-CAR FERRY,EA,1.0,79906625.000000000000,79906625.000000000000,1
7019-7001,SUBSURFACE UTIL LOCATE (OUTSIDE RDBED),EA,74.0,483.5027027027027027,701.1050000000000000,2
7020-7003,GEN DEBRIS REMOVE FROM UNDER BRIDGES,CY,806.0,100.0000000000000000,100.0000000000000000,1
7034-7001,REMOVE & REPLACE DELINEATOR/OBJECT MARK,EA,80.0,50.0000000000000000,50.0000000000000000,1
7034-7002,DELINEATOR/OBJECT MARKER CLEANING,EA,1000.0,15.0000000000000000,15.0000000000000000,1
7034-7003,REFLECTORS/REFLECTIVE TAPE TAPE INSTALL,EA,800.0,50.0000000000000000,50.0000000000000000,1
7034-7004,SIGN CLEANING,EA,1000.0,5.0000000000000000,5.0000000000000000,1
7034-7005,SIGN STRAIGHTENING,EA,125.0,150.0000000000000000,150.0000000000000000,1
7039-7001,TEMPORARY EMERGENCY GENERATOR,EA,114.0,872.8070175438596491,1000.0000000000000000,3
7050-7003,"CW SHEAV ASM REPL (REMV/INSTL)LDG 1,4,6",EA,1.0,50000.000000000000,50000.000000000000,1
7050-7004,"REPL MONOPILE CNC TWR PAD 24"" LDG 1,6",EA,1.0,85000.000000000000,85000.000000000000,1
7050-7005,"REPL SPR BOX CNC FND LDG 1, 4, 6",EA,1.0,125000.000000000000,125000.000000000000,1
7050-7006,"CHAIN FALL REPL PER LDG 1, 4, 6",EA,1.0,62784.000000000000,62784.000000000000,1
7050-7007,"RPL LAN GRAT PAX WLKWY DMD PLT LDG1,4,6",EA,1.0,150000.000000000000,150000.000000000000,1
7050-7008,"RPL HD LOG INCL BRKT AND ANGS LDG 1,4,6",EA,1.0,50000.000000000000,50000.000000000000,1
7050-7009,"REPAIR IN LFTG BEAM LW21X62 LDG 1,4,6",EA,1.0,50384.000000000000,50384.000000000000,1
7050-7010,"CHN IRN FOR SM GRATNG C4X7.25 LDG 1,4,6",EA,1.0,61302.000000000000,61302.000000000000,1
7050-7011,"LANDING REFURB LDG 1, 4, 6",EA,1.0,175000.000000000000,175000.000000000000,1
7050-7012,"CNC COUNTERWT BLK-LFT BOLT REP LDG1,4,6",EA,1.0,23314.000000000000,23314.000000000000,1
7050-7013,"CNTRWGHT BLK-LFT CBL REPL LDG 1, 4, 6",EA,2.0,17712.000000000000,17712.0000000000000000,1
7050-7014,"CNTRWGTH BLK ANG TRK LDG 1, 4, 6",EA,1.0,30992.000000000000,30992.000000000000,1
7050-7015,"REM/INSTL HYDR LFT RAMS LDG 1, 4, 6",EA,1.0,14008.0000000000000000,14008.0000000000000000,1
7050-7016,"INSTL SPR BOX ANCH BOLT LDG 1, 4, 6",EA,1.0,100000.000000000000,100000.000000000000,1
7050-7017,"REP SPR BOX CNC FND LDG 1, 4, 6",EA,1.0,23669.000000000000,23669.000000000000,1
7050-7018,"REP SPR BOX AR PLT/BW LDG 1, 4, 6",EA,1.0,50271.000000000000,50271.000000000000,1
7050-7019,"REP SPR BOX ANG L9""X4""X1/4"" LDG 1, 4, 6",EA,1.0,30992.000000000000,30992.000000000000,1
7050-7020,"FINGER REPL-FULL SET LDG 2, 3, 5",EA,1.0,75000.000000000000,75000.000000000000,1
7050-7021,"REM/INSTL HYDR LFT RAMS LDG 2, 3, 5",EA,2.0,14008.0000000000000000,14008.0000000000000000,1
7050-7022,"CHN FALL REPL LDG 2, 3, 5",EA,2.0,52461.000000000000,52461.000000000000,1
7050-7023,"GD RAIL REPL LDG 2, 3, 5",EA,2.0,26437.000000000000,26437.000000000000,1
7050-7024,"LFT CBL REPL FOR RAMP LDG 2,3,5",EA,2.0,53342.000000000000,53342.000000000000,1
7050-7025,"TRQ TUBE BUSH REPL LDG 2, 3, 5",EA,3.0,55475.000000000000,55475.000000000000,1
7050-7026,"REPL MOORNG RING 60"" MONOPILE ANY LDG",EA,1.0,51807.000000000000,51807.000000000000,1
7050-7027,REPL BOAT LIFT FENDER,EA,1.0,16763.0000000000000000,16763.0000000000000000,1
7050-7028,REP MTL ROOFING 50 SQ FT,EA,4.0,4136.0000000000000000,4136.0000000000000000,1
7050-7029,"REPL MONOPILE 60"" D X 120' L",EA,4.0,221526.000000000000,221526.000000000000,1
7050-7030,"EXT MONOPILE 60"" D X 20' L",EA,1.0,57747.000000000000,57747.000000000000,1
7050-7031,"FULL REPL DONUT FENDER 9'10""",EA,6.0,204851.000000000000,204851.000000000000,1
7050-7032,"FULL REPL DONUT FENDER 13'8""",EA,6.0,286733.000000000000,286733.000000000000,1
7050-7033,"DONUT FENDER REP 9'10"" UPPER UNIT REPL",EA,3.0,150429.000000000000,150429.000000000000,1
7050-7034,"DONUT FENDER REP 9'10"" LOWER UNIT REPL",EA,3.0,70036.000000000000,70036.000000000000,1
7050-7035,DONUT FENDER REP/REM/CLN/INSP,EA,20.0,28345.000000000000,28345.000000000000,1
7050-7036,DNFND REP TIM RPL12X12 UHMW PAD CHN ASM,EA,60.0,2454.0000000000000000,2454.0000000000000000,1
7050-7037,DNFND REP TIM RPL 12X8 UHMW PAD CHN ASM,EA,1.0,2305.0000000000000000,2305.0000000000000000,1
7050-7040,REPL WING WALL TIMBERS UHMW PADS,EA,6.0,8477.0000000000000000,8477.0000000000000000,1
7050-7041,REPL WING WALL UHMW PADS,EA,4.0,2788.0000000000000000,2788.0000000000000000,1
7050-7043,DOLPHIN GUARD RAIL Repl,EA,2.0,33972.000000000000,33972.000000000000,1
7050-7044,REPL NAVIGATION LTS PER LANDING,EA,12.0,3970.0000000000000000,3970.0000000000000000,1
7050-7045,FAB INSTL LADDER AT NAV TWRS,EA,2.0,18971.000000000000,18971.0000000000000000,1
7050-7046,REPL ADHESIVE RETRO REFL SIGN PER LDG,EA,12.0,573.0000000000000000,573.0000000000000000,1
7050-7047,REPL SLOW BELL RETRO REFL SIGN PER LDG,EA,12.0,573.0000000000000000,573.0000000000000000,1
7050-7048,"REP RACEWAY SUPT BRACKETS LDG 2, 3, 5,",EA,10.0,960.0000000000000000,960.0000000000000000,1
7050-7049,INSTL SHOREPOWER ANY LDG,EA,2.0,38607.000000000000,38607.000000000000,1
7050-7050,REM UNUSED MONOPILE & DONUT FENDER,EA,1.0,39787.000000000000,39787.000000000000,1
7050-7051,"13'9"" DONUT FNDR UPPR UNT REPL ANY LDG",EA,1.0,220887.000000000000,220887.000000000000,1
7050-7052,"REPL OLD LDG ROCKERS PER LDG1,4,6",EA,14.0,7145.0000000000000000,7145.0000000000000000,1
7050-7053,IN BOLTS FOR LDG COVER PLATES PER LDG,EA,54.0,133.0000000000000000,133.0000000000000000,1
7050-7054,INNER/INTERMEDIATE GUIDE DOLPHIN MAINT,EA,2.0,16343.000000000000,16343.0000000000000000,1
7050-7055,"REP HOIST TOWER COLUMN SUPPORTS 1, 4, 6",EA,1.0,46325.000000000000,46325.000000000000,1
7050-7056,"REFURB HOIST TOWER FRAME & ATTACH 1,4,6",EA,1.0,14337.0000000000000000,14337.0000000000000000,1
7050-7058,"REPL REFURB SPRING BOX 1,4,6",EA,7.0,20666.000000000000,20666.000000000000,1
7050-7059,RELOC PAIR DONUT FENDERS UPPR LOWR UNT,EA,30.0,2373.0000000000000000,2373.0000000000000000,1
7050-7060,REP DONUT FENDER UPPER OR LOWR UNT,EA,12.0,11273.000000000000,11273.0000000000000000,1
7050-7061,SHORE POWER MAINT REP  PER LDG,EA,1.0,8824.0000000000000000,8824.0000000000000000,1
7050-7062,COMPLETE REPLACEMENT OF OUTER DOLPHIN,EA,4.0,125355.000000000000,125355.000000000000,1
7050-7063,COMBIWALL MAINTENANCE,EA,3.0,992337.000000000000,992337.000000000000,1
7050-7064,REFURB A-FRAME COUNTERBALANCE STRUCTURE,EA,2.0,2155957.000000000000,2155957.000000000000,1
7050-7065,UPPER PINTLE REPLACEMENT,EA,2.0,219671.000000000000,219671.000000000000,1
7050-7066,LOWER PINTLE BEARING REPLACEMENT,EA,2.0,255038.000000000000,255038.000000000000,1
7050-7067,LANDING RAMP REFURBISHMENT,EA,2.0,427372.000000000000,427372.000000000000,1
7050-7068,DOLPHIN WING WALL REPL ANY LDG,EA,2.0,488683.000000000000,488683.000000000000,1
7050-7069,REPLACE SECURITY BOOTH,EA,2.0,89844.000000000000,89844.000000000000,1
7050-7070,BUS SHELTER REPLACEMENT,EA,1.0,18335.0000000000000000,18335.0000000000000000,1
7050-7071,BOTTOM SURVEY,EA,6.0,18752.000000000000,18752.0000000000000000,1
7050-7072,BUCKET DREDGING 50 CUBIC YARDS,EA,10.0,5000.0000000000000000,5000.0000000000000000,1
7050-7073,REPLACE MONOPILE TOP,EA,2.0,12281.0000000000000000,12281.0000000000000000,1
7050-7074,OUTER DOLPHIN REPLACEMENT TYPE I OR II,EA,4.0,490684.000000000000,490684.000000000000,1
7050-7075,REPL HARDWARE TRANS SPAN LDG W18/W21,EA,2.0,80485.000000000000,80485.000000000000,1
7050-7076,"RECOAT 60"" DIAM GUIDE DOLPHIN MONOPILE",EA,12.0,189905.000000000000,189905.000000000000,1
7050-7077,REPLACE GUARD RAILING AT A-FRAME TOWERS,EA,3.0,10690.0000000000000000,10690.0000000000000000,1
7050-7078,REPL DONUT FENDER ASSEM (OWNER/INSTALL),EA,6.0,4935.0000000000000000,4935.0000000000000000,1
7050-7079,FAB & DELIVER DONUT FENDER ASSEMBLY,EA,6.0,201159.000000000000,201159.000000000000,1
7050-7080,REPL INTERMEDIATE DOLPHIN DONUT ASSEM,EA,6.0,4935.0000000000000000,4935.0000000000000000,1
7050-7081,FABRICATE & DELIVER INTERMEDIATE FENDER,EA,6.0,283041.000000000000,283041.000000000000,1
7050-7082,"REFURB BREASTING DOLPHIN (PILE, REPAIR)",EA,12.0,359485.000000000000,359485.000000000000,1
7050-7083,REFURBISH BREASTING DOLPHIN WING WALL,EA,12.0,353016.000000000000,353016.000000000000,1
7050-7084,"REFURB A-FRAME TOWER SYS AT LDG 2,3,5",EA,3.0,142319.000000000000,142319.000000000000,1
7050-7085,"REFURB TRANSFER SPAN AT LDG 2,3,5",EA,3.0,79356.000000000000,79356.000000000000,1
7050-7086,REFURBISH GUIDE DOLPHIN AT LDG,EA,12.0,95719.000000000000,95719.000000000000,1
7050-7087,"REPL PED CANOPY ROOFING AT LDG 2,3,5",EA,3.0,5000.0000000000000000,5000.0000000000000000,1
7050-7088,REPLACE PLATFORM ROOFING & RECOATING,EA,3.0,5515.0000000000000000,5515.0000000000000000,1
7050-7089,REFURB HOIST TOWER AT LDG 4 OR 6,EA,2.0,185000.000000000000,185000.000000000000,1
7050-7090,REFURBISH HOIST TOWER AT LDG 4,EA,1.0,150000.000000000000,150000.000000000000,1
7050-7091,REFURBISH GUIDE DOLPHIN AT WORK DOCK,EA,15.0,12680.000000000000,12680.0000000000000000,1
7050-7092,REP LANDING RAMP CAP SPALLING AT LDG,EA,4.0,10819.0000000000000000,10819.0000000000000000,1
7050-7093,REP HOIST TOWER CAP SPALLING AT LDG,EA,2.0,14036.0000000000000000,14036.0000000000000000,1
7050-7094,REP TFR SPAN TOWER CAP SPALLING LDG,EA,3.0,10819.0000000000000000,10819.0000000000000000,1
7050-7095,EPOXY CONCRETE CRACK REPAIR AT LDG,LF,1000.0,105.0000000000000000,105.0000000000000000,1
7050-7096,MISCELLANEOUS CONCRETE SPALL REPAIR,SF,300.0,827.0000000000000000,827.0000000000000000,1
7050-7097,MISC. STRUCT STEEL REPAIR/REPLACEMENT,LB,10000.0,3.0000000000000000,3.0000000000000000,1
7050-7098,FULL PENETRATION WELDING & RECOATING,LB,4000.0,2.0000000000000000,2.0000000000000000,1
7050-7099,MISC BOLT REMOVAL AND REPLACEMENT,EA,300.0,65.0000000000000000,65.0000000000000000,1
7050-7100,MISC. REINF STEEL REMOVAL & REPLACEMENT,LB,6000.0,2.0000000000000000,2.0000000000000000,1
7050-7101,"REPL WEAR PLATE 1½ X 24½ X 9’-0½""",EA,3.0,222333.000000000000,222333.000000000000,1
7050-7102,"REPL TRANSITION PLATE 1¼ X 13 X 9’-0½""",EA,3.0,89230.000000000000,89230.000000000000,1
7050-7103,REPL TRANS PLATES 5/8 X 34.7 X 2’–3’,EA,3.0,65492.000000000000,65492.000000000000,1
7050-7104,REPL BRIDGE RAILING TRANSITION AT SPANS,EA,3.0,25003.000000000000,25003.000000000000,1
7050-7105,REPL PED RAILING CLOSURE AT SPANS,EA,3.0,11766.0000000000000000,11766.0000000000000000,1
7050-7106,REPL GRATING AT TRANSFER SPAN LDGS,EA,3.0,238997.000000000000,238997.000000000000,1
7050-7107,REPAIR UTILITY BOOM ACCESS WALKWAY,EA,1.0,11250.0000000000000000,11250.0000000000000000,1
7050-7108,REP WALKWAY ASSEMBLY 1 & LADDER TYPE I,EA,1.0,11250.0000000000000000,11250.0000000000000000,1
7050-7109,REP WALKWAY ASSEM 2 AT LDG 2 OR 3,EA,1.0,11250.0000000000000000,11250.0000000000000000,1
7050-7110,REP WALKWAY ASSM 3 & LDR TYPES LDG 2,EA,1.0,11250.0000000000000000,11250.0000000000000000,1
7050-7111,REP WALKWAY ASSEMBLY 4 AT ANY LDG,EA,1.0,11250.0000000000000000,11250.0000000000000000,1
7050-7112,REP WALKWAY ASSEMBLY 5 AT LDG 5,EA,1.0,11250.0000000000000000,11250.0000000000000000,1
7050-7113,"REP GUARD RAIL AT LDG 2, 3 OR 5",EA,3.0,29415.000000000000,29415.000000000000,1
7050-7114,REPAIR PEDESTRIAN & MAINTENANCE GATES,EA,3.0,7721.0000000000000000,7721.0000000000000000,1
7050-7115,REP RAIL EXTENSIONS & LADDERS AT LDG,EA,3.0,4412.0000000000000000,4412.0000000000000000,1
7050-7116,"REP MAINT ANCHOR PLATFORM LDG 2,3,5",EA,3.0,20451.000000000000,20451.000000000000,1
7050-7117,"REP TRF ARM MAINT PLATFORM AT LDG 3,5",EA,3.0,20451.000000000000,20451.000000000000,1
7050-7118,REP COUNTERWT ANCH & TRAF ARM AT LDG,EA,3.0,19304.000000000000,19304.0000000000000000,1
7050-7119,"UPPER DN FNDR UHMW(1 1/2""X12""X57"")REPL",EA,75.0,642.0000000000000000,642.0000000000000000,1
7051-7001,RELOCATE MARINE REPAIR EQUIPMENT,EA,80.0,1503.0000000000000000,1503.0000000000000000,1
7052-7001,FERRY LANDING AND FACILITIES UPGRADE,LS,1.0,53235450.000000000000,53235450.000000000000,1
7053-7001,MARINE MOBILIZATION,EA,8.0,23253.000000000000,23253.000000000000,1
7100-7001,ROUTINE MAINTENANCE SERVICES,MI,360.0,43000.000000000000,43000.000000000000,1
7100-7002,SNOW AND ICE CONTROL (SEASONAL),MO,12.0,10000.0000000000000000,10000.0000000000000000,1
7100-7003,SNOW AND ICE CONTROL (TRUCK),HR,1008.0,100.0000000000000000,100.0000000000000000,1
7100-7004,SNOW AND ICE CONTROL (SHADOW VEHICLE),HR,720.0,125.0000000000000000,125.0000000000000000,1
7100-7005,SNOW AND ICE CONTROL (LOADER),HR,72.0,5.0000000000000000,5.0000000000000000,1
7100-7006,SNOW AND ICE CONTROL (SPRAY RIG),HR,800.0,150.0000000000000000,150.0000000000000000,1
7100-7007,SNOW AND ICE CONTROL (SNOW PLOW),HR,250.0,100.0000000000000000,100.0000000000000000,1
7104-7001,STORM WATER PUMP STATION UPGRADES,LS,1.0,2000000.000000000000,2000000.000000000000,1
7106-7001,STORMWATER PUMP STA UPGRADES AT IH45,LS,1.0,2000000.000000000000,2000000.000000000000,1
7107-7001,STORMWATER PUMP STATION UPGRADES FM1093,LS,1.0,2000000.000000000000,2000000.000000000000,1
712-7001,JT / CRCK SEAL (RUBBER - ASPHALT),LMI,728.21,1165.6623226816440313,1018.5333333333333333,3
713-7001,JT CLEANING AND SEALING(TRANS CNTR JTS),LF,3031.0,5.8149125701088750,5.5000000000000000,2
713-7002,JT CLEANING AND SEALING(LNGT CNSTR JTS),LF,5949.0,5.0000000000000000,5.0000000000000000,1
713-7003,JT CLEANING AND SEALING (EXPANSION JTS),LF,196.0,305.0000000000000000,305.0000000000000000,1
720-7001,SPALLING REPAIR (HYDRAULIC CEMENT),CF,34.0,575.0000000000000000,575.0000000000000000,1
720-7003,SPALLING REPAIR (POLYMERIC) (SEMIRIGID),GAL,1591.0,25.0000000000000000,25.0000000000000000,1
721-7001,FIBER REINFORCED POLYMER PATCHING MATLS,LB,7550.0,7.9520529801324503,14.5275000000000000,4
730-7001,FULL - WIDTH MOWING - TRACT (1),AC,1370.24,39.0000000000000000,39.0000000000000000,1
730-7002,FULL - WIDTH MOWING - TRACT (2),AC,842.68,39.0000000000000000,39.0000000000000000,1
730-7003,FULL - WIDTH MOWING - TRACT (3),AC,1047.2,39.0000000000000000,39.0000000000000000,1
730-7004,FULL - WIDTH MOWING - TRACT (4),AC,285.76,39.0000000000000000,39.0000000000000000,1
730-7005,FULL - WIDTH MOWING - TRACT (5),AC,860.0,39.0000000000000000,39.0000000000000000,1
730-7006,FULL - WIDTH MOWING - TRACT (6),AC,521.4,39.0000000000000000,39.0000000000000000,1
730-7007,FULL - WIDTH MOWING - TRACT (7),AC,551.92,39.0000000000000000,39.0000000000000000,1
730-7008,FULL - WIDTH MOWING - TRACT (8),AC,701.76,39.0000000000000000,39.0000000000000000,1
730-7009,FULL - WIDTH MOWING - TRACT (9),AC,721.0,39.0000000000000000,39.0000000000000000,1
730-7010,FULL - WIDTH MOWING - TRACT (10),AC,444.36,39.0000000000000000,39.0000000000000000,1
730-7011,FULL - WIDTH MOWING - TRACT (11),AC,321.24,39.0000000000000000,39.0000000000000000,1
730-7012,FULL - WIDTH MOWING - TRACT (12),AC,95.96,39.0000000000000000,39.0000000000000000,1
730-7013,FULL - WIDTH MOWING - TRACT (13),AC,380.68,39.0000000000000000,39.0000000000000000,1
730-7014,FULL - WIDTH MOWING - TRACT (14),AC,754.64,39.0000000000000000,39.0000000000000000,1
730-7015,FULL - WIDTH MOWING - TRACT (15),AC,163.96,39.0000000000000000,39.0000000000000000,1
730-7018,STRIP MOWING,CYC,10.0,3980.0000000000000000,3850.0000000000000000,2
730-7019,FULL - WIDTH MOWING,CYC,29.0,4988.3765517241379310,3963.7050000000000000,4
730-7020,STRIP MOWING,AC,474.0,0.01000000000000000000,0.01000000000000000000,1
730-7021,SPOT MOWING,AC,560.0,51.5196428571428571,89.2020000000000000,5
730-7022,FULL - WIDTH MOWING,AC,28700.432,35.2195070234482882,34.1466666666666667,3
730-7024,FULL - WIDTH MOWING - (TRACT 17),AC,660.28,39.0000000000000000,39.0000000000000000,1
730-7025,FULL - WIDTH MOWING - (TRACT 18),AC,271.52,39.0000000000000000,39.0000000000000000,1
730-7026,FULL - WIDTH MOWING - (TRACT 19),AC,781.84,39.0000000000000000,39.0000000000000000,1
730-7027,FULL - WIDTH MOWING - (TRACT 20),AC,205.08,39.0000000000000000,39.0000000000000000,1
730-7028,FULL - WIDTH MOWING - (TRACT 21),AC,913.0,39.0000000000000000,39.0000000000000000,1
730-7029,FULL - WIDTH MOWING - (TRACT 22),AC,29.64,39.0000000000000000,39.0000000000000000,1
730-7030,FULL - WIDTH MOWING - (TRACT 23),AC,606.88,39.0000000000000000,39.0000000000000000,1
730-7031,FULL - WIDTH MOWING - (TRACT 24),AC,100.0,39.0000000000000000,39.0000000000000000,1
730-7032,FULL - WIDTH MOWING - (TRACT 25),AC,204.32,39.0000000000000000,39.0000000000000000,1
730-7033,FULL - WIDTH MOWING - (TRACT 16),AC,246.2,39.0000000000000000,39.0000000000000000,1
734-7002,LITTER REMOVAL,CYC,70.0,2599.5051428571428571,2181.4720000000000000,5
735-7001,DEBRIS REMOV-CNTR MED/MN LNS/RAMPS,MI,500.0,30.0000000000000000,30.0000000000000000,1
735-7002,DEBRIS REMOV-CNTR MED/MN LNS/RAMPS,CYC,30.0,663.1480000000000000,907.8700000000000000,2
735-7014,DEBRIS REMOVAL (CNTR MEDIANS/MAINLANES),CYC,24.0,2266.0000000000000000,2266.0000000000000000,1
735-7015,DEBRIS-CNTR MEDIANS/MAINLANES-AREA (1),CYC,48.0,2225.0000000000000000,2225.0000000000000000,2
735-7016,DEBRIS-CNTR MEDIANS/MAINLANES-AREA (2),CYC,100.0,884.0000000000000000,1150.0000000000000000,3
735-7017,DEBRIS-CNTR MEDIANS/MAINLANES-AREA (3),CYC,36.0,1266.6666666666666667,1275.0000000000000000,2
735-7018,DEBRIS-CNTR MEDIANS/MAINLANES-AREA (4),CYC,88.0,1443.1818181818181818,1166.6666666666666667,3
735-7019,DEBRIS-CNTR MEDIANS/MAINLANES-AREA (5),CYC,36.0,1166.6666666666666667,1125.0000000000000000,2
735-7020,DEBRIS-CNTR MEDIANS/MAINLANES-AREA (6),CYC,36.0,1100.0000000000000000,1025.0000000000000000,2
735-7021,DEBRIS-CNTR MEDIANS/MAINLANES-AREA (7),CYC,24.0,1250.0000000000000000,1250.0000000000000000,1
735-7022,DEBRIS-CNTR MEDIANS/MAINLANES-AREA (8),CYC,24.0,1250.0000000000000000,1250.0000000000000000,1
735-7023,DEBRIS-CNTR MEDIANS/MAINLANES-AREA (9),CYC,24.0,1250.0000000000000000,1250.0000000000000000,1
735-7024,DEBRIS-CNTR MEDIANS/MAINLANES-AREA (10),CYC,24.0,1250.0000000000000000,1250.0000000000000000,1
735-7026,DEBRIS REMOVAL (FRONTAGE ROADS),CYC,24.0,500.0000000000000000,500.0000000000000000,1
735-7028,DEBRIS - FRONTAGE ROADS - AREA (2),CYC,52.0,200.0000000000000000,200.0000000000000000,1
735-7038,DEBRIS REMOVAL (ENTRANCE/EXIT RAMPS),CYC,24.0,500.0000000000000000,500.0000000000000000,1
735-7039,DEBRIS-ENTRANCE/EXIT RAMPS - AREA (1),CYC,48.0,2225.0000000000000000,2225.0000000000000000,2
735-7040,DEBRIS-ENTRANCE/EXIT RAMPS - AREA (2),CYC,76.0,768.4210526315789474,1100.0000000000000000,2
735-7041,DEBRIS-ENTRANCE/EXIT RAMPS - AREA (3),CYC,36.0,1266.6666666666666667,1275.0000000000000000,2
735-7042,DEBRIS-ENTRANCE/EXIT RAMPS - AREA (4),CYC,52.0,750.0000000000000000,750.0000000000000000,1
735-7043,DEBRIS-ENTRANCE/EXIT RAMPS - AREA (5),CYC,24.0,1250.0000000000000000,1250.0000000000000000,1
735-7044,DEBRIS-ENTRANCE/EXIT RAMPS - AREA (6),CYC,24.0,1250.0000000000000000,1250.0000000000000000,1
735-7045,DEBRIS-ENTRANCE/EXIT RAMPS - AREA (7),CYC,24.0,1250.0000000000000000,1250.0000000000000000,1
735-7046,DEBRIS-ENTRANCE/EXIT RAMPS - AREA (8),CYC,24.0,1250.0000000000000000,1250.0000000000000000,1
735-7047,DEBRIS-ENTRANCE/EXIT RAMPS - AREA (9),CYC,24.0,1250.0000000000000000,1250.0000000000000000,1
735-7048,DEBRIS-ENTRANCE/EXIT RAMPS - AREA (10),CYC,24.0,1250.0000000000000000,1250.0000000000000000,1
735-7052,DEBRIS-DIRECT CONNECTOR - AREA (3),CYC,24.0,1250.0000000000000000,1250.0000000000000000,1
735-7054,DEBRIS-DIRECT CONNECTOR - AREA (5),CYC,24.0,1250.0000000000000000,1250.0000000000000000,1
735-7055,DEBRIS-DIRECT CONNECTOR - AREA (6),CYC,24.0,1250.0000000000000000,1250.0000000000000000,1
735-7056,DEBRIS-DIRECT CONNECTOR - AREA (7),CYC,24.0,1250.0000000000000000,1250.0000000000000000,1
735-7057,DEBRIS-DIRECT CONNECTOR - AREA (8),CYC,24.0,1250.0000000000000000,1250.0000000000000000,1
735-7059,DEBRIS-DIRECT CONNECTOR - AREA (10),CYC,24.0,1250.0000000000000000,1250.0000000000000000,1
735-7060,DRIFTWOOD REMOVAL,CY,1175.0,38.2978723404255319,30.0000000000000000,2
735-7077,DEBRIS-CNTR MEDIANS/MAINLANES-AREA(13),CYC,12.0,1800.0000000000000000,1800.0000000000000000,1
738-7004,CLEANING / SWEEPING (CENTER MEDIAN),CYC,30.0,2179.4000000000000000,1431.5000000000000000,2
738-7005,CLEAN / SWEEP - CENTER MEDIAN - AREA(1),CYC,88.0,2743.1818181818181818,3483.3333333333333333,3
738-7006,CLEAN / SWEEP - CENTER MEDIAN - AREA(2),CYC,106.0,1538.1132075471698113,1472.5000000000000000,4
738-7007,CLEAN / SWEEP - CENTER MEDIAN - AREA(3),CYC,70.0,1673.0000000000000000,2511.6666666666666667,3
738-7008,CLEAN / SWEEP - CENTER MEDIAN - AREA(4),CYC,94.0,2501.7021276595744681,2827.5000000000000000,4
738-7009,CLEAN / SWEEP - CENTER MEDIAN - AREA(5),CYC,82.0,1545.9756097560975610,1761.2500000000000000,4
738-7010,CLEAN / SWEEP - CENTER MEDIAN - AREA(6),CYC,54.0,1190.0000000000000000,1165.0000000000000000,4
738-7011,CLEAN / SWEEP - CENTER MEDIAN - AREA(7),CYC,42.0,2093.5714285714285714,2735.0000000000000000,3
738-7012,CLEAN / SWEEP - CENTER MEDIAN - AREA(8),CYC,48.0,1475.0000000000000000,1550.0000000000000000,3
738-7013,CLEAN / SWEEP - CENTER MEDIAN - AREA(9),CYC,48.0,1070.0000000000000000,1010.0000000000000000,3
738-7014,CLEAN / SWEEP - CENTER MEDIAN-AREA (10),CYC,42.0,960.7142857142857143,858.3333333333333333,3
738-7015,CLEAN / SWEEP - CENTER MEDIAN-AREA (11),CYC,42.0,1125.7142857142857143,1143.3333333333333333,3
738-7016,CLEAN / SWEEP - CENTER MEDIAN-AREA (12),CYC,30.0,1518.0000000000000000,1920.0000000000000000,2
738-7017,CLEAN / SWEEP - CENTER MEDIAN-AREA (13),CYC,54.0,1458.3333333333333333,1443.7500000000000000,4
738-7018,CLEAN / SWEEP - CENTER MEDIAN-AREA (14),CYC,42.0,1279.2857142857142857,1168.3333333333333333,3
738-7019,CLEAN / SWEEP - CENTER MEDIAN-AREA (15),CYC,42.0,1467.1428571428571429,1973.3333333333333333,3
738-7020,CLEAN / SWEEP - CENTER MEDIAN-AREA (16),CYC,36.0,1266.6666666666666667,1275.0000000000000000,2
738-7021,CLEAN / SWEEP - CENTER MEDIAN-AREA (17),CYC,42.0,848.5714285714285714,696.6666666666666667,3
738-7022,CLEAN / SWEEP - CENTER MEDIAN-AREA (18),CYC,36.0,1033.3333333333333333,925.0000000000000000,2
738-7023,CLEAN / SWEEP - CENTER MEDIAN-AREA (19),CYC,48.0,1511.2500000000000000,1598.3333333333333333,3
738-7024,CLEAN / SWEEP - CENTER MEDIAN-AREA (20),CYC,24.0,2465.0000000000000000,2465.0000000000000000,2
738-7028,CLEANING / SWEEPING (OUTSIDE MAIN LANE),CYC,4.0,3000.0000000000000000,3000.0000000000000000,1
738-7029,CLEAN / SWEEP-OUTSIDE MAIN LANE-AREA(1),CYC,136.0,2364.6941176470588235,3030.2000000000000000,4
738-7030,CLEAN / SWEEP-OUTSIDE MAIN LANE-AREA(2),CYC,54.0,1815.5555555555555556,1546.6666666666666667,3
738-7031,CLEAN / SWEEP-OUTSIDE MAIN LANE-AREA(3),CYC,74.0,1712.2972972972972973,2483.7500000000000000,4
738-7032,CLEAN / SWEEP-OUTSIDE MAIN LANE-AREA(4),CYC,94.0,2501.7021276595744681,2827.5000000000000000,4
738-7033,CLEAN / SWEEP-OUTSIDE MAIN LANE-AREA(5),CYC,82.0,1545.9756097560975610,1761.2500000000000000,4
738-7034,CLEAN / SWEEP-OUTSIDE MAIN LANE-AREA(6),CYC,54.0,1190.0000000000000000,1165.0000000000000000,4
738-7035,CLEAN / SWEEP-OUTSIDE MAIN LANE-AREA(7),CYC,46.0,2128.9130434782608696,2676.2500000000000000,4
738-7036,CLEAN / SWEEP-OUTSIDE MAIN LANE-AREA(8),CYC,48.0,1475.0000000000000000,1550.0000000000000000,3
738-7037,CLEAN / SWEEP-OUTSIDE MAIN LANE-AREA(9),CYC,60.0,896.0000000000000000,807.5000000000000000,4
738-7038,CLEAN /SWEEP-OUTSIDE MAIN LANE-AREA(10),CYC,54.0,1147.2222222222222222,1093.7500000000000000,4
738-7039,CLEAN /SWEEP-OUTSIDE MAIN LANE-AREA(11),CYC,46.0,1097.3913043478260870,1057.5000000000000000,4
738-7040,CLEAN /SWEEP-OUTSIDE MAIN LANE-AREA(12),CYC,54.0,1043.3333333333333333,1185.0000000000000000,4
738-7041,CLEAN /SWEEP-OUTSIDE MAIN LANE-AREA(13),CYC,54.0,1458.3333333333333333,1443.7500000000000000,4
738-7042,CLEAN /SWEEP-OUTSIDE MAIN LANE-AREA(14),CYC,42.0,1279.2857142857142857,1168.3333333333333333,3
738-7043,CLEAN /SWEEP-OUTSIDE MAIN LANE-AREA(15),CYC,42.0,1467.1428571428571429,1973.3333333333333333,3
738-7044,CLEAN /SWEEP-OUTSIDE MAIN LANE-AREA(16),CYC,36.0,1266.6666666666666667,1275.0000000000000000,2
738-7045,CLEAN /SWEEP-OUTSIDE MAIN LANE-AREA(17),CYC,40.0,854.0000000000000000,696.6666666666666667,3
738-7046,CLEAN /SWEEP-OUTSIDE MAIN LANE-AREA(18),CYC,42.0,1123.5714285714285714,1171.6666666666666667,3
738-7047,CLEAN /SWEEP-OUTSIDE MAIN LANE-AREA(19),CYC,48.0,1511.2500000000000000,1598.3333333333333333,3
738-7048,CLEAN /SWEEP-OUTSIDE MAIN LANE-AREA(20),CYC,24.0,2465.0000000000000000,2465.0000000000000000,2
738-7050,CLEANING / SWEEPING (FRONTAGE ROAD),CYC,16.0,2031.3600000000000000,2031.3600000000000000,1
738-7051,CLEAN / SWEEP - FRONTAGE ROAD - AREA(1),CYC,36.0,3233.3333333333333333,2650.0000000000000000,2
738-7052,CLEAN / SWEEP - FRONTAGE ROAD - AREA(2),CYC,48.0,1600.0000000000000000,1600.0000000000000000,2
738-7053,CLEAN / SWEEP - FRONTAGE ROAD - AREA(3),CYC,12.0,2400.0000000000000000,2400.0000000000000000,1
738-7054,CLEAN / SWEEP - FRONTAGE ROAD - AREA(4),CYC,28.0,5228.5714285714285714,4300.0000000000000000,2
738-7055,CLEAN / SWEEP - FRONTAGE ROAD - AREA(5),CYC,12.0,400.0000000000000000,400.0000000000000000,1
738-7058,CLEAN / SWEEP - FRONTAGE ROAD - AREA(8),CYC,12.0,350.0000000000000000,350.0000000000000000,1
738-7059,CLEAN / SWEEP - FRONTAGE ROAD - AREA(9),CYC,12.0,1480.0000000000000000,1480.0000000000000000,1
738-7072,CLEAN / SWEEP - (ENTR /EXT RMP)(AREA 1),CYC,88.0,1556.8181818181818182,1450.0000000000000000,3
738-7073,CLEAN / SWEEP - (ENTR /EXT RMP)(AREA 2),CYC,48.0,1050.0000000000000000,1050.0000000000000000,2
738-7074,CLEAN / SWEEP - (ENTR /EXT RMP)(AREA 3),CYC,64.0,1315.6250000000000000,1425.0000000000000000,2
738-7075,CLEAN / SWEEP - (ENTR /EXT RMP)(AREA 4),CYC,76.0,1613.1578947368421053,1825.0000000000000000,2
738-7076,CLEAN / SWEEP - (ENTR /EXT RMP)(AREA 5),CYC,64.0,1090.6250000000000000,825.0000000000000000,2
738-7077,CLEAN / SWEEP - (ENTR /EXT RMP)(AREA 6),CYC,24.0,1250.0000000000000000,1250.0000000000000000,1
738-7079,CLEAN / SWEEP - (ENTR /EXT RMP)(AREA 8),CYC,24.0,1250.0000000000000000,1250.0000000000000000,1
738-7080,CLEAN / SWEEP - (ENTR /EXT RMP)(AREA 9),CYC,12.0,1480.0000000000000000,1480.0000000000000000,1
738-7082,CLEAN / SWEEP - (ENTR/EXT RMP)(AREA 11),CYC,24.0,1250.0000000000000000,1250.0000000000000000,1
738-7083,CLEAN / SWEEP - (ENTR/EXT RMP)(AREA 12),CYC,24.0,1250.0000000000000000,1250.0000000000000000,1
738-7084,CLEAN / SWEEP - (ENTR/EXT RMP)(AREA 13),CYC,24.0,1250.0000000000000000,1250.0000000000000000,1
738-7085,CLEAN / SWEEP - (ENTR/EXT RMP)(AREA 14),CYC,36.0,933.3333333333333333,775.0000000000000000,2
738-7086,CLEAN / SWEEP - (ENTR/EXT RMP)(AREA 15),CYC,36.0,933.3333333333333333,775.0000000000000000,2
738-7087,CLEAN / SWEEP - (ENTR/EXT RMP)(AREA 16),CYC,24.0,1250.0000000000000000,1250.0000000000000000,1
738-7088,CLEAN / SWEEP - (ENTR/EXT RMP)(AREA 17),CYC,24.0,1250.0000000000000000,1250.0000000000000000,1
738-7089,CLEAN / SWEEP - (ENTR/EXT RMP)(AREA 18),CYC,24.0,1250.0000000000000000,1250.0000000000000000,1
738-7093,CLEAN/SWEEPING-DIRECT CONNECT-AREA(1),CYC,52.0,1250.0000000000000000,1250.0000000000000000,1
738-7095,CLEAN/SWEEPING-DIRECT CONNECT-AREA(3),CYC,52.0,1250.0000000000000000,1250.0000000000000000,1
738-7096,CLEAN/SWEEPING-DIRECT CONNECT-AREA(4),CYC,52.0,1250.0000000000000000,1250.0000000000000000,1
738-7097,CLEAN/SWEEPING-DIRECT CONNECT-AREA(5),CYC,52.0,1250.0000000000000000,1250.0000000000000000,1
738-7100,CLEAN/SWEEPING-DIRECT CONNECT-AREA(8),CYC,24.0,1250.0000000000000000,1250.0000000000000000,1
738-7102,CLEAN/SWEEPING-DIRECT CONNECT-AREA(10),CYC,24.0,1250.0000000000000000,1250.0000000000000000,1
738-7103,CLEANING / SWEEPING (AGGREGATE REMOVAL),MI,75.0,40.0000000000000000,40.0000000000000000,1
738-7104,CLEANING / SWEEPING (SPOT),MI,1560.0,30.3205128205128205,130.0000000000000000,3
738-7105,CLEANING / SWEEPING (HANDWORK),SY,370971.0,0.16768197514091397980,1.6580000000000000,5
738-7108,CLEAN/SWEEPING-DIRECT CONNECT-AREA (13),CYC,24.0,1250.0000000000000000,1250.0000000000000000,1
738-7109,CLEAN/SWEEPING-DIRECT CONNECT-AREA (14),CYC,24.0,1250.0000000000000000,1250.0000000000000000,1
738-7111,"HANDWORK - DRAIN SLOTS, BARRIER SLOTS",SY,1000.0,0.75000000000000000000,0.75000000000000000000,1
738-7112,CLEAN/SWEEP-CENTER MEDIAN-AREA 28,CYC,12.0,370.0000000000000000,370.0000000000000000,1
738-7113,CLEAN/SWEEP-CENTER MEDIAN-AREA 29,CYC,24.0,1200.0000000000000000,1200.0000000000000000,1
738-7114,CLEAN/SWEEP-OUTSIDE MAIN LANE-AREA 21,CYC,16.0,2068.7500000000000000,3537.5000000000000000,2
738-7115,CLEAN/SWEEP-OUTSIDE MAIN LANE-AREA 22,CYC,18.0,765.0000000000000000,897.5000000000000000,2
738-7116,CLEAN/SWEEP-OUTSIDE MAIN LANE-AREA 23,CYC,16.0,260.0000000000000000,420.0000000000000000,2
738-7117,CLEAN/SWEEP-OUTSIDE MAIN LANE-AREA 24,CYC,12.0,2960.0000000000000000,2960.0000000000000000,1
738-7119,CLEAN/SWEEP-OUTSIDE MAIN LANE-AREA 26,CYC,12.0,1295.0000000000000000,1295.0000000000000000,1
738-7120,CLEAN/SWEEP-OUTSIDE MAIN LANE-AREA 27,CYC,4.0,185.0000000000000000,185.0000000000000000,1
738-7121,CLEAN/SWEEP-OUTSIDE MAIN LANE-AREA 28,CYC,12.0,370.0000000000000000,370.0000000000000000,1
738-7122,CLEAN/SWEEP-OUTSIDE MAIN LANE-AREA 29,CYC,24.0,1200.0000000000000000,1200.0000000000000000,1
738-7123,CLEAN/SWEEPING-DIRECT CONNECT-AREA(19),CYC,24.0,1250.0000000000000000,1250.0000000000000000,1
738-7125,CLEAN / SWEEP-CENTER MEDIAN - AREA(21),CYC,16.0,2068.7500000000000000,3537.5000000000000000,2
738-7126,CLEAN / SWEEP-CENTER MEDIAN - AREA(22),CYC,6.0,1295.0000000000000000,1295.0000000000000000,1
738-7127,CLEAN / SWEEP-CENTER MEDIAN - AREA(24),CYC,12.0,2960.0000000000000000,2960.0000000000000000,1
738-7131,CLEAN/SWEEP-CENTER MEDIAN - AREA (26),CYC,24.0,1295.0000000000000000,1295.0000000000000000,1
738-7132,CLEAN/SWEEP-FRONTAGE ROAD - AREA (24),CYC,12.0,2960.0000000000000000,2960.0000000000000000,1
738-7133,CLEAN/SWEEP-FRONTAGE ROAD - AREA (29),CYC,12.0,1200.0000000000000000,1200.0000000000000000,1
738-7134,CLEAN/SWEEP - (ENTR/EXT RMP) (AREA24),CYC,6.0,2960.0000000000000000,2960.0000000000000000,1
738-7135,CLEAN/SWEEP - (ENTR/EXT RMP) (AREA 29),CYC,24.0,1200.0000000000000000,1200.0000000000000000,1
738-7136,CLEAN/SWEEPING-DIRECT CONNECT-AREA (11),CYC,24.0,1250.0000000000000000,1250.0000000000000000,1
738-7137,CLEAN/SWEEPING-DIRECT CONNECT-AREA (16),CYC,24.0,1250.0000000000000000,1250.0000000000000000,1
738-7138,CLEAN/SWEEPING-DIRECT CONNECT-AREA (17),CYC,24.0,1250.0000000000000000,1250.0000000000000000,1
738-7139,CLEAN/SWEEP-(ENTR/EXT RMP)(AREA 19),CYC,24.0,1250.0000000000000000,1250.0000000000000000,1
740-7001,GRAFFITI REMOVAL (WATER BLAST CLEAN),SF,5500.0,2.9727272727272727,3.4350000000000000,2
740-7002,GRAFFITI REMOVAL (ABRASIVE CLEAN),SF,3000.0,2.0000000000000000,2.0000000000000000,1
740-7003,GRAFFITI REMOVAL (PAINTING),SF,5600.0,1.5178571428571429,6.8333333333333333,3
751-7027,"MOWING, TRIMMING, AND EDGING",AC,100.0,39.0000000000000000,39.0000000000000000,1
751-7029,"MOWING, TRIMMING AND EDGING (SITE 1)",CYC,4.0,39.0000000000000000,39.0000000000000000,1
751-7030,"MOWING, TRIMMING AND EDGING (SITE 2)",CYC,4.0,39.0000000000000000,39.0000000000000000,1
751-7031,"MOWING, TRIMMING AND EDGING (SITE 3)",CYC,4.0,39.0000000000000000,39.0000000000000000,1
751-7032,"MOWING, TRIMMING AND EDGING (SITE 4)",CYC,4.0,39.0000000000000000,39.0000000000000000,1
751-7033,"MOWING, TRIMMING AND EDGING (SITE 5)",CYC,4.0,39.0000000000000000,39.0000000000000000,1
751-7034,"MOWING, TRIMMING AND EDGING (SITE 6)",CYC,4.0,39.0000000000000000,39.0000000000000000,1
751-7035,"MOWING, TRIMMING AND EDGING (SITE 7)",CYC,4.0,39.0000000000000000,39.0000000000000000,1
752-7001,TREE TRIMMING / BRUSH REMOVAL,MI,204.0,1441.1764705882352941,1300.0000000000000000,3
752-7002,SPOT TREE TRIMMING / BRUSH REMOVAL,LF,500.0,10.0000000000000000,10.0000000000000000,1
752-7003,TREE TRIMMING / BRUSH REMOVAL(CHANNELS),AC,75.92,1341.4120126448893572,1600.0000000000000000,4
752-7004,STUMP REMOVAL,EA,25.0,1.00000000000000000000,1.00000000000000000000,1
752-7005,"TREE REMOVAL (4"" - 12"" DIA)",EA,217.0,378.8018433179723502,715.0000000000000000,4
752-7006,"TREE REMOVAL (12"" - 18"" DIA)",EA,136.0,1033.8235294117647059,853.3333333333333333,3
752-7007,"TREE REMOVAL (18"" - 24"" DIA)",EA,91.0,590.1295604395604396,1112.9475000000000000,4
752-7008,"TREE REMOVAL (24"" - 30"" DIA)",EA,60.0,91.6666666666666667,255.0000000000000000,2
752-7009,"TREE REMOVAL (30"" - 36"" DIA)",EA,34.0,150.1052941176470588,617.2633333333333333,3
752-7010,"TREE REMOVAL (36"" - 42"" DIA)",EA,40.0,30.0000000000000000,30.0000000000000000,1
752-7011,"TREE REMOVAL (42"" - 48"" DIA)",EA,20.0,30.0000000000000000,30.0000000000000000,1
760-7001,DITCH CLEANING AND RESHAPING (FOOT),LF,782318.0,1.2899958840267001,27.9125000000000000,8
760-7002,DITCH CLEAN / RESHAPING(CU YD IN PLACE),CY,20429.0,47.8000000000000000,47.8000000000000000,1
760-7003,DITCH CLEAN/RESHAPING(CU YD IN VEHICLE),CY,750.0,6.6666666666666667,7.5000000000000000,2
764-7001,DRAIN INLET CLEANING,EA,2884.0,55.3138002773925104,460.5000000000000000,6
764-7002,PUMP STATION WELL CLEANING,EA,125.0,1063.2000000000000000,1320.0000000000000000,5
764-7003,BASKET AND INLET PIPE CLEANING,EA,76.0,450.6578947368421053,690.0000000000000000,5
764-7004,DOWNSPOUT CLEANING,EA,185.0,34.0540540540540541,100.3333333333333333,3
764-7005,SUMP CLEANING,EA,29.0,219.3103448275862069,239.0000000000000000,4
764-7006,"STORM SEWER CLEANING (PIPE) (<12"" DIA)",LF,850.0,1.9235294117647059,1.8000000000000000,3
764-7007,"STORM SEWER CLEANING (PIPE)(12""-18""DIA)",LF,58500.0,3.0572649572649573,2.8100000000000000,5
764-7008,"STORM SEWER CLEANING (PIPE)(19""-24""DIA)",LF,52000.0,2.4730769230769231,2.9800000000000000,5
764-7009,"STORM SEWER CLEANING (PIPE)(25""-30""DIA)",LF,33000.0,3.3901515151515152,3.2900000000000000,5
764-7010,"STORM SEWER CLEANING (PIPE)(31""-36""DIA)",LF,24000.0,3.0916666666666667,3.1700000000000000,5
764-7011,"STORM SEWER CLEANING (PIPE)(37""-42""DIA)",LF,3650.0,3.9109589041095890,4.0300000000000000,5
764-7012,"STORM SEWER CLEANING (PIPE)(43""-54""DIA)",LF,2000.0,4.5250000000000000,4.3700000000000000,5
764-7013,"STORM SEWER CLEANING (PIPE)(55""-74""DIA)",LF,550.0,4.0454545454545455,4.5000000000000000,3
764-7015,STORM SEWER CLEAN (BOX CULV) (<6 SF),LF,700.0,4.2142857142857143,4.1250000000000000,4
764-7016,STORM SEWER CLEAN (BOX CULV) (6-<12 SF),LF,7650.0,4.6830065359477124,5.2500000000000000,4
764-7017,STORM SEWER CLEAN (BOX CULV)(12-<24 SF),LF,10050.0,5.0646766169154229,5.6875000000000000,4
764-7018,STORM SEWER CLEAN (BOX CULV)(24-<48 SF),LF,750.0,6.0000000000000000,7.2500000000000000,4
764-7019,STORM SEWER CLEAN (BOX CULV)(48-<96 SF),LF,250.0,11.2000000000000000,11.0000000000000000,3
764-7020,STORM SEWER CLEAN (BOX CULV) (>96 SF),LF,4000.0,5.2250000000000000,5.3000000000000000,2
764-7021,SLOTTED DRAIN CLEANING,LF,11650.0,2.2618025751072961,2.2250000000000000,4
764-7023,PUMP STATION WELL CLEANING (LARGE),EA,10.0,3163.0000000000000000,3163.0000000000000000,1
770-7001,REPLACE RAIL ELEMENT (W-BEAM),LF,17600.0,20.0284090909090909,18.1666666666666667,6
770-7002,REPLACE RAIL ELEMENT (THRIE-BEAM),LF,560.0,178.7500000000000000,92.5000000000000000,6
770-7003,REPL RAIL ELMNT(THRIE-BM TRANS TO W-BM),EA,357.0,78.4173669467787115,202.6666666666666667,6
770-7004,REPLACE SHORT RADIUS SYS (TL-2),EA,5.0,1.00000000000000000000,1.00000000000000000000,1
770-7005,REPLACE SHORT RADIUS SYS (TL-3),EA,5.0,1.00000000000000000000,1.00000000000000000000,1
770-7006,REPLACE TIMBER POST W/O CONC FND,EA,535.0,83.1775700934579439,124.1666666666666667,6
770-7007,REPLACE STEEL POST W/O CONC FND,EA,110.0,18.5000000000000000,13.0000000000000000,4
770-7008,REPLACE TIMBER POST W/ CONC FND,EA,1205.0,75.3112033195020747,308.3333333333333333,6
770-7009,REPLACE STEEL POST W/ CONC FND,EA,360.0,33.0000000000000000,23.8333333333333333,6
770-7010,REALIGN POSTS,EA,325.0,44.9852307692307692,107.0016666666666667,6
770-7011,REPAIR OF TERMINAL ANCHORS POSTS,EA,14.0,1.00000000000000000000,1.00000000000000000000,2
770-7012,REPLACE TERMINAL ANCHOR POSTS,EA,65.0,38.6000000000000000,32.4000000000000000,5
770-7013,REM OBSOLETE GET & REPL W/ SGT,EA,145.0,2927.5862068965517241,3350.0000000000000000,4
770-7015,REPL SINGLE GDRAIL TERM IMPACT HEAD,EA,255.0,1256.9803921568627451,1066.8333333333333333,6
770-7016,REPLACE SINGLE GDRAIL TERMINAL RAIL,LF,12206.0,16.4853350811076520,34.0000000000000000,6
770-7017,REPLACE SINGLE GDRAIL TERMINAL POST,EA,2730.0,38.4615384615384615,71.8333333333333333,6
770-7018,REPLACE BLOCKOUT,EA,1640.0,106.5243902439024390,165.1666666666666667,6
770-7019,REPAIR STEEL POST WITH BASE PLATE,EA,125.0,50.0000000000000000,87.5000000000000000,2
770-7020,RESET SGT IMPACT HEAD,EA,85.0,171.2941176470588235,650.5000000000000000,4
770-7021,REPLACE SGT OBJECT MARKER,EA,310.0,57.3870967741935484,44.5000000000000000,6
770-7022,REPLACE SGT CABLE ANCHOR,EA,255.0,94.2352941176470588,130.1666666666666667,6
770-7023,REPLACE SGT CABLE ASSEMBLY,EA,245.0,85.6326530612244898,148.5000000000000000,6
770-7024,REPLACE SGT STRUT,EA,155.0,129.9677419354838710,97.0000000000000000,6
770-7025,RAISE RAIL,LF,3175.0,3.5754330708661417,11.2020000000000000,5
770-7026,REPLACE DOWNSTREAM ANCHOR TERMINAL,EA,25.0,1000.0000000000000000,1000.0000000000000000,1
770-7027,REPAIR RAIL ELEMENT (CURVED RAIL),LF,500.0,20.6010000000000000,37.7525000000000000,4
770-7028,REALIGN EXISTING RAIL,LF,100.0,25.0000000000000000,25.0000000000000000,1
770-7035,REPLACE W-BEAM RAIL,LF,14173.0,10.0000000000000000,10.0000000000000000,1
770-7036,REPLACE THRIE-BEAM RAIL,LF,50.0,25.0000000000000000,25.0000000000000000,1
770-7037,REPLACE GUARDRAIL END TREATMENT SYSTEM,EA,388.0,1300.0000000000000000,1300.0000000000000000,1
770-7041,REPLACE GDRL END TREATMENT MRKR,EA,75.0,30.0000000000000000,30.0000000000000000,1
771-7005,REPLACE POSTS (TL-4)(GIBRALTAR),EA,735.0,93.2653061224489796,100.0000000000000000,3
771-7006,REPLACE POSTS (TL-4)(NU-CABLE),EA,4.0,200.0000000000000000,200.0000000000000000,1
771-7007,REPLACE POSTS (TL-4)(TRINITY),EA,160.0,93.7875000000000000,75.0500000000000000,2
771-7010,CABLE SPLICE / TURNBUCKLE (TL-4),EA,15.0,320.3333333333333333,380.2000000000000000,5
771-7012,REPAIR CONCRETE FOUNDATION (TL-4),EA,13.0,245.0000000000000000,272.7500000000000000,4
771-7014,REPR OR REPLC CABLE BARR TERM SEC(TL-4),EA,17.0,1494.1176470588235294,1960.0000000000000000,5
771-7016,REPLACE CABLE (TL-4),LF,1490.0,1.5100671140939597,4.9500000000000000,5
771-7018,CHECK / RE-TENSION CABLE (TL-4),EA,162.0,110.2777777777777778,268.2000000000000000,5
771-7020,REPLACE POST HARDWARE (TL-4),EA,37.0,167.0270270270270270,130.0000000000000000,3
772-7005,POST AND CABLE FENCE(REMV / REPL POSTS),EA,10.0,100.0000000000000000,100.0000000000000000,1
772-7006,POST AND CABLE FENCE(RMV/REPL CNC ANCH),EA,2.0,500.0000000000000000,500.0000000000000000,1
772-7007,POST AND CABLE FENCE (REMV/ REPL CABLE),LF,25.0,25.0000000000000000,25.0000000000000000,1
774-7001,REMOVE (SMTC) NARROW,EA,55.0,0.91818181818181818182,0.55000000000000000000,2
774-7002,REPLACE (SMTC) NARROW,EA,74.0,28750.000000000000,30580.000000000000,5
774-7003,REPAIR (SMTC) NARROW,LF,3250.0,252.6153846153846154,284.1666666666666667,6
774-7004,REMOVE (SMTC) WIDE,EA,13.0,19.5000000000000000,17.0333333333333333,3
774-7005,REPLACE (SMTC) WIDE,EA,25.0,24000.000000000000,19200.000000000000,5
774-7006,REPAIR (SMTC) WIDE,LF,980.0,191.8367346938775510,200.0000000000000000,5
774-7007,REMOVE (QUAD - ELITE) NARROW,EA,1.0,0.10000000000000000000,0.10000000000000000000,1
774-7008,REPLACE (QUAD - ELITE) NARROW,EA,1.0,25000.000000000000,25000.000000000000,1
774-7009,REPAIR (QUAD - ELITE) NARROW,LF,485.0,161.8556701030927835,266.6666666666666667,3
774-7010,REMOVE (QUAD - ELITE) WIDE,EA,1.0,0.10000000000000000000,0.10000000000000000000,1
774-7011,REPLACE (QUAD - ELITE) WIDE,EA,1.0,25000.000000000000,25000.000000000000,1
774-7012,REPAIR (QUAD - ELITE) WIDE,LF,200.0,50.0000000000000000,50.0000000000000000,1
774-7013,REMOVE (REACT)(M),EA,1.0,0.10000000000000000000,0.10000000000000000000,1
774-7014,REPLACE (REACT)(M),EA,8.0,13625.125000000000,13000.250000000000,4
774-7015,REPAIR (REACT)(M),LF,530.0,205.8490566037735849,175.2500000000000000,4
774-7017,REPLACE (REACT) WIDE,EA,3.0,5000.0000000000000000,5000.0000000000000000,2
774-7018,REPAIR (REACT) WIDE,LF,260.0,38.6923076923076923,33.6666666666666667,3
774-7027,REPAIR (NARROW QUAD),LF,220.0,275.0000000000000000,275.0000000000000000,1
774-7032,REPAIR (WIDE QUAD),LF,45.0,1000.0000000000000000,1000.0000000000000000,1
774-7035,REMOVE (TAU-M) NARROW,EA,25.0,50.0000000000000000,50.0000000000000000,1
774-7036,REPLACE (TAU-M) NARROW,EA,17.0,3941.1764705882352941,10625.0000000000000000,4
774-7037,REPAIR (TAU-M) NARROW,LF,690.0,150.0000000000000000,162.5000000000000000,4
774-7039,REMOVE (TAU II) WIDE,EA,5.0,50.0000000000000000,50.0000000000000000,1
774-7040,REPLACE (TAU II) WIDE,EA,1.0,5000.0000000000000000,5000.0000000000000000,1
774-7041,REPAIR (TAU II) WIDE,LF,250.0,50.0000000000000000,50.0000000000000000,2
774-7083,REPAIR ATTENUATOR OBJECT MARKER,EA,155.0,82.2580645161290323,100.0000000000000000,4
776-7003,REPAIR (STEEL PED. RAIL),LF,460.0,106.9565217391304348,93.0000000000000000,4
776-7006,REPAIR (T101),LF,10.0,750.0000000000000000,750.0000000000000000,1
776-7010,REPAIR (T4(S)),LF,210.0,30.5238095238095238,83.6666666666666667,3
776-7011,REPAIR (STL POST W/ BASE PLATE)(T4(S)),EA,90.0,23.1111111111111111,133.6666666666666667,3
776-7012,REPAIR (T4 (A)),LF,120.0,1.00000000000000000000,1.00000000000000000000,1
776-7013,REPAIR (ALUM POST W/ BASE PLATE)(T4(A)),EA,12.0,1.00000000000000000000,1.00000000000000000000,1
776-7014,REPAIR (T6),LF,12.5,750.0000000000000000,750.0000000000000000,1
777-7001,PERM CONC TRF BARRIER REPAIR (F SHAPE),LF,200.0,72.5000000000000000,115.0000000000000000,2
777-7003,PERM CONC TRF BARR REPAIR(SINGLE SLOPE),LF,200.0,72.5000000000000000,115.0000000000000000,2
778-7001,CONCRETE RAIL REPAIR (IN-KIND),LF,1036.0,117.6640926640926641,416.6666666666666667,3
778-7002,CONCRETE RAIL REPAIR (MISC),LF,191.0,210.4712041884816754,471.6666666666666667,3
778-7004,CONCRETE RAIL REPLACEMENT (IN-KIND),LF,39.5,503.7974683544303797,1015.0000000000000000,2
780-7002,CNC CRACK REPAIR (DISCRETE)(INJECT),LF,3689.0,62.8159392789373814,107.4000000000000000,5
780-7003,CONC CRCK REPR(DISCRETE)(ROUT AND SEAL),LF,505.0,50.0000000000000000,50.0000000000000000,1
784-7002,REP STL BRIDGE MEMBER (BEAM),EA,25.0,10600.000000000000,12250.0000000000000000,2
784-7003,REP STL BRIDGE MEMBER (DIAPHRAGM),EA,25.0,5000.0000000000000000,5000.0000000000000000,2
784-7008,REP STL BRIDGE MEMBER (BEARINGS),EA,94.0,5321.8085106382978723,6375.0000000000000000,2
784-7018,REP STL BRIDGE MEMBER (BOX CAP),EA,46.0,3152.1739130434782609,4750.0000000000000000,2
784-7021,REP STL BRIDGE MBR (ANCHOR BOLT NUTS),EA,120.0,252.6666666666666667,692.5000000000000000,2
784-7022,REP STL BRIDGE MBR (WELD REPAIR),EA,32.0,5900.0000000000000000,5900.0000000000000000,2
784-7024,REP STL BRIDGE MEMBER(REPL RIVET/BOLT),EA,187.0,301.0695187165775401,308.3333333333333333,3
785-7004,BRIDGE JOINT REPAIR (ARMOR),LF,70.0,1000.0000000000000000,1000.0000000000000000,1
785-7005,BRIDGE JOINT REPAIR (SEJ),LF,769.0,447.7243172951885566,435.0000000000000000,5
785-7010,BRIDGE JOINT REPLACEMENT (ARMOR),LF,742.0,555.1212938005390836,441.6666666666666667,3
785-7011,BRIDGE JOINT REPLACEMENT (SEJ),LF,773.0,446.4553686934023286,431.5000000000000000,2
786-7001,CARBON FIBER REINF POLYMER PROTECTION,SF,550.0,50.0000000000000000,50.0000000000000000,1
787-7001,REPLACING ELASTOMERIC BEARING PADS,EA,49.0,9081.6326530612244898,10000.0000000000000000,3
788-7001,CONCRETE BEAM REPAIR,EA,60.0,2000.0000000000000000,2000.0000000000000000,1
788-7002,CONCRETE BEAM REPAIR (CFRP),EA,6.0,6050.0000000000000000,6050.0000000000000000,1
788-7003,CONCRETE BEAM REP(STRAND SPLICE & CFRP),EA,3.0,14500.000000000000,14500.0000000000000000,1
790-7001,LANE CLOSURE(SETUP & REM)(TYP 1),EA,265.0,374.7169811320754717,370.0000000000000000,5
790-7002,LANE CLOSURE(SETUP & REM)(TYP 2),EA,242.0,378.7190082644628099,400.0000000000000000,5
790-7003,LANE CLOSURE(SETUP & REM)(TYP 3),EA,34.0,273.5294117647058824,316.6666666666666667,3
790-7004,LANE CLOSURE(SETUP & REM)(TYP 4),EA,21.0,252.3809523809523810,316.6666666666666667,3
790-7005,LANE CLOSURE(SETUP & REM)(TYP 5),EA,40.0,271.2500000000000000,340.0000000000000000,5
790-7006,LANE CLOSURE(SETUP & REM)(TYP 6),EA,28.0,317.8571428571428571,325.0000000000000000,4
790-7007,LANE CLOSURE(SETUP & REM)(TYP 7),EA,35.0,162.8571428571428571,260.0000000000000000,5
790-7008,LANE CLOSURE(SETUP & REM)(TYP 8),EA,24.0,214.5833333333333333,260.0000000000000000,5
790-7009,LANE CLOSURE(SETUP & REM)(TYP 9),EA,39.0,292.3076923076923077,362.5000000000000000,4
790-7010,LANE CLOSURE(SETUP & REM)(TYP 10),EA,3.0,433.3333333333333333,450.0000000000000000,2
790-7011,LANE CLOSURE(SETUP & REM)(TYP 11),EA,43.0,158.1395348837209302,290.0000000000000000,5
790-7012,LANE CLOSURE(SETUP & REM)(TYP 12),EA,41.0,246.3414634146341463,316.6666666666666667,3
790-7013,LANE CLOSURE(SETUP & REM)(TYP 13),EA,23.0,217.3913043478260870,316.6666666666666667,3
790-7014,LANE CLOSURE(SETUP & REM)(TYP 14),EA,41.0,162.1951219512195122,262.5000000000000000,4
790-7015,LANE CLOSURE(SETUP & REM)(TYP 15),EA,6.0,483.3333333333333333,450.0000000000000000,2
790-7016,LANE CLOSURE(SETUP & REM)(TYP 16),EA,7.0,457.1428571428571429,425.0000000000000000,2
790-7017,LANE CLOSURE(SETUP & REM)(TYP 17),EA,5.0,500.0000000000000000,500.0000000000000000,1
790-7018,LANE CLOSURE(SETUP & REM)(TYP 18),EA,61.0,203.2786885245901639,300.0000000000000000,2
790-7019,LANE CLOSURE(SETUP & REM)(TYP 19),EA,20.0,100.0000000000000000,100.0000000000000000,1
790-7020,LANE CLOSURE(MAINTENANCE)(TYP 1),HR,1892.0,43.6839323467230444,48.0000000000000000,5
790-7021,LANE CLOSURE(MAINTENANCE)(TYP 2),HR,1810.0,43.3977900552486188,48.0000000000000000,5
790-7022,LANE CLOSURE(MAINTENANCE)(TYP 3),HR,168.0,67.8571428571428571,60.0000000000000000,3
790-7023,LANE CLOSURE(MAINTENANCE)(TYP 4),HR,106.0,83.0188679245283019,93.3333333333333333,3
790-7024,LANE CLOSURE(MAINTENANCE)(TYP 5),HR,165.0,77.2727272727272727,65.0000000000000000,5
790-7025,LANE CLOSURE(MAINTENANCE)(TYP 6),HR,120.0,63.3333333333333333,75.0000000000000000,4
790-7026,LANE CLOSURE(MAINTENANCE)(TYP 7),HR,169.0,46.9822485207100592,72.0000000000000000,5
790-7027,LANE CLOSURE(MAINTENANCE)(TYP 8),HR,121.0,57.8512396694214876,72.0000000000000000,5
790-7028,LANE CLOSURE(MAINTENANCE)(TYP 9),HR,177.0,62.7118644067796610,50.0000000000000000,4
790-7029,LANE CLOSURE(MAINTENANCE)(TYP 10),HR,15.0,40.0000000000000000,35.0000000000000000,2
790-7030,LANE CLOSURE(MAINTENANCE)(TYP 11),HR,226.0,36.9469026548672566,52.0000000000000000,5
790-7031,LANE CLOSURE(MAINTENANCE)(TYP 12),HR,87.0,58.6206896551724138,60.0000000000000000,3
790-7032,LANE CLOSURE(MAINTENANCE)(TYP 13),HR,111.0,75.6756756756756757,50.0000000000000000,3
790-7033,LANE CLOSURE(MAINTENANCE)(TYP 14),HR,285.0,34.2105263157894737,50.0000000000000000,4
790-7034,LANE CLOSURE(MAINTENANCE)(TYP 15),HR,30.0,25.0000000000000000,35.0000000000000000,2
790-7035,LANE CLOSURE(MAINTENANCE)(TYP 16),HR,37.0,29.7297297297297297,35.0000000000000000,2
790-7036,LANE CLOSURE(MAINTENANCE)(TYP 17),HR,25.0,20.0000000000000000,20.0000000000000000,1
790-7037,LANE CLOSURE(MAINTENANCE)(TYP 18),HR,305.0,79.3114754098360656,59.0000000000000000,2
790-7038,LANE CLOSURE(MAINTENANCE)(TYP 19),HR,100.0,20.0000000000000000,20.0000000000000000,1
790-7058,ADDITIONAL LANE CLOSURE ITEM(TYPE 20),HR,1780.0,33.0337078651685393,53.3333333333333333,3
790-7059,ADDITIONAL LANE CLOSURE ITEM(TYPE 21),HR,1780.0,33.2022471910112360,55.0000000000000000,3
790-7060,ADDITIONAL LANE CLOSURE ITEM(TYPE 22),HR,75.0,50.0000000000000000,50.0000000000000000,1
8000-7099,AGGR (TY B GR 4) (DEL) (ST1),TON,750.0,74.7900000000000000,74.7900000000000000,1
8001-7023,LRA (TY I GR A) (DEL) (ST1),TON,250.0,138.9600000000000000,138.9600000000000000,1
8001-7093,LRA (TY II GR CS) (DEL) (ST1),TON,300.0,138.9600000000000000,138.9600000000000000,1
8001-7107,LRA (TY II GR DS) (DEL) (ST1),TON,300.0,138.9600000000000000,138.9600000000000000,1
8011-7001,D-GR HMA TY B PG 64-22 (PICKUP),TON,200.0,95.0000000000000000,95.0000000000000000,1
8011-7002,D-GR HMA TY B PG 64-22 (DEL) SITE 1,TON,200.0,105.0000000000000000,105.0000000000000000,1
8011-7003,D-GR HMA TY B PG 64-22 (DEL) SITE 2,TON,200.0,104.0000000000000000,104.0000000000000000,1
8011-7055,D-GR HMA TY D PG 64-22 (PICKUP),TON,1000.0,100.0000000000000000,100.0000000000000000,1
8011-7056,D-GR HMA TY D PG 64-22 (DEL) SITE 1,TON,1000.0,110.0000000000000000,110.0000000000000000,1
8011-7057,D-GR HMA TY D PG 64-22 (DEL) SITE 2,TON,1000.0,109.0000000000000000,109.0000000000000000,1
8011-7145,D-GR HMA TY D PG 70-22 (PICKUP),TON,500.0,110.0000000000000000,110.0000000000000000,1
8011-7146,D-GR HMA TY D PG 70-22 (DEL) SITE 1,TON,500.0,120.0000000000000000,120.0000000000000000,1
8011-7147,D-GR HMA TY D PG 70-22 (DEL) SITE 2,TON,500.0,118.0000000000000000,118.0000000000000000,1
8014-7078,CAT 4A SODIUM CHLORIDE (DEL)(SITE 1),BAG,66.0,330.0000000000000000,330.0000000000000000,1
8014-7344,CAT 8A-R ROAD SALT (DEL)(SITE 1),TON,200.0,300.0000000000000000,300.0000000000000000,1
8014-7420,CAT 8A-R ROAD SALT (DEL)(SITE 1),BAG,33.0,330.0000000000000000,330.0000000000000000,1
8014-7534,CAT 8C-B BRINE SALT (DEL)(SITE 1),BAG,100.0,330.0000000000000000,330.0000000000000000,1
8014-7572,BRINE SOLUTION (DEL)(SITE 1),GAL,150000.0,0.50000000000000000000,0.50000000000000000000,1
8014-7649,TYPE 5 MOD AGG (DEL)(SITE 2),TON,300.0,150.0000000000000000,150.0000000000000000,1
